ticker,name,sector,sector_pe,last_updated,price,price_1m_ret,price_3m_ret,price_6m_ret,low_52w,high_52w,pct_above_52w_low,price_trend,volume_trend,pe,pb,roe,roce,de,revenue_growth,market_cap_cr,screener_url,fii_pct,dii_pct,promoter_pct,fii_q1,fii_q2,fii_q3,fii_q4,dii_q1,dii_q2,dii_q3,dii_q4,fii_selling_4q,dii_buying_4q,fii_trend_pct,dii_trend_pct,fii_label,dii_label,fair_value,buy_zone_low,buy_zone_high,strong_buy_below,value_signal,valuation_methods,composite_score,grade,rank,score_value,score_quality,score_momentum,score_smartmoney,rank_value,rank_quality,rank_momentum,rank_smartmoney,scrape_status,pillar_value,exported_at
CHENNPETRO.NS,Chennai Petroleum Corporation Limited,Miscellaneous,22.0,2026-10-09 02:33,1531.0,7.05,47.11,67.8,687.91,1626.4,122.56,Rising,Rising,5.46,0.0,31.8,34.9,0.0,20.66,22798.0,https://www.screener.in/company/CHENNPETRO/consolidated/,14.7,1.24,67.29,14.7,15.86,15.77,16.17,1.24,0.75,0.79,0.3,0,0,-1.47,0.94,Stable,Stable/Reducing,6168.86,4935.09,5551.98,4318.21,STRONG BUY,PE Mean Reversion: ₹6168.86 | 52W Low Buffer: ₹791.1,78.6,A+,1,56.0,95.3,100.0,64.0,80,3,1,80,done,92.0,2026-10-09 02:51
CRIZAC.NS,Crizac Limited,Miscellaneous,22.0,2026-10-09 02:43,,,,,160.29,312.52,,Stable,Normal,12.7,0.0,40.3,52.3,0.0,-0.77,2799.0,https://www.screener.in/company/CRIZAC/consolidated/,2.99,7.05,79.94,2.99,3.74,2.48,2.3,7.05,3.8,3.48,3.48,0,1,0.69,3.57,Buying (+0.7% over 4Q),Accumulating (+3.6% over 4Q),184.33,147.47,165.9,129.03,OVERVALUED +nan%,52W Low Buffer: ₹184.33,70.6,A,2,70.0,80.19999999999999,45.0,80.0,16,36,130,14,done,95.5,2026-10-09 02:51
BHARATWIRE.NS,Bharat Wire Ropes Limited,Miscellaneous,22.0,2026-10-09 02:47,165.73,-7.93,-22.68,7.64,153.96,252.83,7.64,Falling,Normal,11.8,0.0,42.2,18.7,0.0,5.6,1140.0,https://www.screener.in/company/BHARATWIRE/consolidated/,1.1,2.7,39.83,1.1,1.39,3.0,3.08,2.7,2.63,2.62,2.61,1,1,-1.98,0.09,Selling (-2.0% over 4Q),Accumulating (+0.1% over 4Q),308.99,247.19,278.09,216.29,STRONG BUY,PE Mean Reversion: ₹308.99 | 52W Low Buffer: ₹177.05,69.9,A,3,84.0,75.5,30.2,80.8,1,53,294,10,done,99.0,2026-10-09 02:51
ACCELYA.NS,Accelya Solutions India Limited,IT,28.0,2026-10-09 02:45,,,,,1024.6,1413.18,,Stable,Rising,15.7,0.0,39.3,49.4,0.0,0.57,1634.0,https://www.screener.in/company/ACCELYA/consolidated/,0.26,0.38,74.66,0.26,0.27,0.39,0.28,0.38,0.44,0.65,0.65,0,0,-0.02,-0.27,Stable,Stable/Reducing,1178.29,942.63,1060.46,824.8,OVERVALUED +nan%,52W Low Buffer: ₹1178.29,68.1,A,4,70.0,84.80000000000001,50.0,60.8,16,12,64,107,done,95.5,2026-10-09 02:51
ANANDRATHI.NS,Anand Rathi Wealth Limited,Finance,18.0,2026-10-09 02:31,2138.9,-3.83,4.23,41.34,1416.97,2229.5,50.95,Stable,Rising,76.4,0.0,47.3,59.2,0.0,-4.47,35515.0,https://www.screener.in/company/ANANDRATHI/consolidated/,1.84,10.26,48.69,1.84,3.01,4.86,5.02,10.26,9.16,8.78,8.32,1,1,-3.18,1.94,Selling (-3.2% over 4Q),Accumulating (+1.9% over 4Q),1629.52,1303.61,1466.56,1140.66,OVERVALUED +31.3%,PE Mean Reversion: ₹503.93 | 52W Low Buffer: ₹1629.52,67.9,A,5,25.8,80.19999999999999,86.0,80.8,296,36,20,10,done,84.45,2026-10-09 02:51
BPCL.NS,Bharat Petroleum Corporation Limited,Miscellaneous,22.0,2026-10-09 02:29,286.25,-8.52,-8.82,1.26,271.3,388.3,5.51,Stable,Normal,8.01,0.0,28.8,25.6,0.0,8.51,124190.0,https://www.screener.in/company/BPCL/consolidated/,13.01,22.53,52.98,13.01,14.21,16.79,15.04,22.53,22.13,21.3,21.31,0,0,-2.03,1.22,Stable,Stable/Reducing,786.2,628.96,707.58,550.34,STRONG BUY,PE Mean Reversion: ₹786.2 | 52W Low Buffer: ₹312.0,67.8,A,6,84.0,82.69999999999999,37.0,58.4,1,18,277,161,done,99.0,2026-10-09 02:51
CMLL.NS,Caliber Mining and Logistics Limited,Logistics,22.0,2026-10-09 02:41,,,,,470.8,599.45,,Stable,Rising,21.6,0.0,34.8,21.2,0.0,17.34,3368.0,https://www.screener.in/company/CMLL/consolidated/,1.7,12.93,74.18,1.7,0.0,0.0,0.0,12.93,0.0,0.0,0.0,0,1,1.7,12.93,Buying (+1.7% over 4Q),Accumulating (+12.9% over 4Q),541.42,433.14,487.28,378.99,OVERVALUED +nan%,52W Low Buffer: ₹541.42,67.3,A,7,46.0,86.0,50.0,80.0,154,11,64,14,done,89.5,2026-10-09 02:51
CRISIL.NS,Crisil Limited,Miscellaneous,22.0,2026-10-09 02:32,4404.0,-7.99,12.28,15.96,3689.72,4972.56,19.36,Rising,Normal,36.4,0.0,24.5,32.6,0.0,13.07,32206.0,https://www.screener.in/company/CRISIL/consolidated/,7.25,13.08,66.66,7.25,7.19,7.2,7.17,13.08,12.92,12.94,12.49,0,0,0.08,0.59,Buying (+0.1% over 4Q),Stable/Reducing,4243.18,3394.54,3818.86,2970.22,OVERVALUED +3.8%,PE Mean Reversion: ₹2661.76 | 52W Low Buffer: ₹4243.18,66.8,A,8,38.4,86.7,76.2,64.0,182,8,37,80,done,87.6,2026-10-09 02:51
BFUTILITIE.NS,BF Utilities Limited,Miscellaneous,22.0,2026-10-09 02:45,471.05,-11.02,-15.88,21.37,371.7,815.75,26.73,Falling,Normal,11.6,0.0,113.0,29.9,0.0,-13.62,1774.0,https://www.screener.in/company/BFUTILITIE/consolidated/,0.94,0.13,56.74,0.94,0.78,0.88,0.9,0.13,0.09,0.09,0.09,0,1,0.04,0.04,Buying (+0.0% over 4Q),Accumulating (+0.0% over 4Q),893.37,714.7,804.03,625.36,STRONG BUY,PE Mean Reversion: ₹893.37 | 52W Low Buffer: ₹427.45,66.3,A,9,72.8,72.69999999999999,48.5,66.39999999999999,13,56,117,63,done,96.2,2026-10-09 02:51
ACE.NS,Action Construction Equipment Limited,Real Estate,30.0,2026-10-09 02:36,1179.8,5.98,18.41,51.4,747.58,1253.9,57.82,Rising,Normal,32.2,0.0,22.8,31.6,0.0,4.09,14049.0,https://www.screener.in/company/ACE/consolidated/,8.96,2.79,66.76,8.96,8.81,9.35,10.13,2.79,2.61,2.21,1.79,0,1,-1.17,1.0,Stable,Accumulating (+1.0% over 4Q),1099.19,879.35,989.27,769.43,OVERVALUED +7.3%,PE Mean Reversion: ₹1099.19 | 52W Low Buffer: ₹859.72,65.9,A,10,28.2,80.8,83.2,72.0,294,26,21,24,done,85.05,2026-10-09 02:51
ALLDIGI.NS,Alldigi Tech Limited,IT,28.0,2026-10-09 02:47,,,,,678.53,917.01,,Stable,Normal,12.9,0.0,31.5,27.9,0.0,1.0,1193.0,https://www.screener.in/company/ALLDIGI/consolidated/,0.09,1.12,73.39,0.09,0.11,0.56,0.41,1.12,1.25,1.25,1.25,0,0,-0.32,-0.13,Stable,Stable/Reducing,780.31,624.25,702.28,546.22,OVERVALUED +nan%,52W Low Buffer: ₹780.31,65.9,A,10,70.0,80.8,45.0,60.8,16,26,130,107,done,95.5,2026-10-09 02:51
ARMEE.NS,ArMee Infotech Limited,IT,28.0,2026-10-09 02:49,,,,,254.25,300.0,,Stable,Normal,17.9,0.0,28.5,30.8,0.0,6.4,814.0,https://www.screener.in/company/ARMEE/consolidated/,4.54,1.76,69.35,4.54,0.0,0.0,0.0,1.76,0.0,0.0,0.0,0,1,4.54,1.76,Buying (+4.5% over 4Q),Accumulating (+1.8% over 4Q),292.39,233.91,263.15,204.67,OVERVALUED +nan%,52W Low Buffer: ₹292.39,65.7,A,12,62.0,80.8,45.0,68.0,60,26,130,60,done,93.5,2026-10-09 02:51
CUPID.NS,Cupid Limited,Miscellaneous,22.0,2026-10-09 02:31,356.65,26.94,61.3,321.32,42.96,356.65,730.11,Rising,Normal,349.0,0.0,27.6,33.9,0.0,26.54,47957.0,https://www.screener.in/company/CUPID/consolidated/,0.34,0.0,45.06,0.34,0.45,5.19,5.97,0.0,0.0,0.0,0.0,1,0,-5.63,0.0,Selling (-5.6% over 4Q),No data,49.4,39.52,44.46,34.58,OVERVALUED +621.9%,PE Mean Reversion: ₹22.48 | 52W Low Buffer: ₹49.4,65.4,A,13,16.0,96.0,91.19999999999999,57.599999999999994,323,1,8,173,done,82.0,2026-10-09 02:51
ARROWGREEN.NS,Arrow Greentech Limited,IT,28.0,2026-10-09 02:47,,,,,343.67,913.05,,Stable,Rising,20.0,0.0,21.2,29.6,0.0,22.89,1279.0,https://www.screener.in/company/ARROWGREEN/consolidated/,0.02,0.0,68.6,0.02,0.0,1.28,0.21,0.0,0.0,0.0,0.0,0,0,-0.19,0.0,Stable,No data,395.22,316.18,355.7,276.65,OVERVALUED +nan%,52W Low Buffer: ₹395.22,65.3,A,14,62.0,82.0,50.0,60.8,60,22,64,107,done,93.5,2026-10-09 02:51
BANCOINDIA.NS,Banco Products (I) Limited,Miscellaneous,22.0,2026-10-09 02:38,,,,,497.92,791.32,,Stable,Normal,17.5,0.0,30.2,30.9,0.0,5.49,8423.0,https://www.screener.in/company/BANCOINDIA/consolidated/,2.07,0.02,67.88,2.07,2.35,3.0,3.21,0.02,0.08,0.13,0.14,1,0,-1.14,-0.12,Selling (-1.1% over 4Q),Stable/Reducing,572.61,458.09,515.35,400.83,OVERVALUED +nan%,52W Low Buffer: ₹572.61,65.1,A,15,54.0,84.80000000000001,45.0,68.8,83,12,130,46,done,91.5,2026-10-09 02:51
AHCL.NS,Anlon Healthcare Limited,Healthcare,35.0,2026-10-09 02:46,26.78,73.0,71.45,131.04,10.82,36.39,147.53,Rising,Rising,45.0,0.0,18.4,20.8,0.0,43.33,1423.0,https://www.screener.in/company/AHCL/consolidated/,0.0,2.83,52.68,0.0,0.23,0.32,1.67,2.83,4.49,4.6,1.23,1,0,-1.67,1.6,Selling (-1.7% over 4Q),Stable/Reducing,20.83,16.66,18.75,14.58,OVERVALUED +28.6%,PE Mean Reversion: ₹20.83 | 52W Low Buffer: ₹12.44,65.0,A,16,16.0,81.30000000000001,100.0,66.39999999999999,323,24,1,63,done,82.0,2026-10-09 02:51
ALEMBICLTD.NS,Alembic Limited,Pharmaceuticals,28.0,2026-10-09 02:43,,,,,69.04,111.41,,Stable,Normal,7.99,0.0,13.0,6.07,0.0,-0.42,2561.0,https://www.screener.in/company/ALEMBICLTD/consolidated/,0.85,3.4,70.88,0.85,0.89,1.07,1.42,3.4,0.04,0.04,0.04,1,1,-0.57,3.36,Selling (-0.6% over 4Q),Accumulating (+3.4% over 4Q),79.4,63.52,71.46,55.58,OVERVALUED +nan%,52W Low Buffer: ₹79.4,64.8,A,17,70.0,44.2,45.0,100.0,16,230,130,1,done,95.5,2026-10-09 02:51
COALINDIA.NS,Coal India Limited,Miscellaneous,22.0,2026-10-09 02:28,409.35,-2.27,-2.07,-5.61,355.9,469.36,15.02,Stable,Normal,8.08,0.0,28.2,35.0,0.0,-6.26,252271.0,https://www.screener.in/company/COALINDIA/consolidated/,8.59,23.06,63.13,8.59,8.41,8.39,9.16,23.06,23.18,23.15,22.56,0,0,-0.57,0.5,Stable,Stable/Reducing,1114.57,891.65,1003.11,780.2,STRONG BUY,PE Mean Reversion: ₹1114.57 | 52W Low Buffer: ₹409.28,64.7,A,18,78.4,76.2,38.0,58.4,8,48,276,161,done,97.6,2026-10-09 02:51
ALGOQUANT.NS,Algoquant Fintech Limited,IT,28.0,2026-10-09 02:44,67.5,5.65,16.94,32.72,49.76,73.37,35.65,Rising,Normal,41.8,0.0,28.4,32.0,0.0,9.75,1897.0,https://www.screener.in/company/ALGOQUANT/consolidated/,5.62,0.08,65.91,5.62,5.61,5.48,5.51,0.08,0.08,0.08,0.08,0,0,0.11,0.0,Buying (+0.1% over 4Q),Stable/Reducing,57.22,45.78,51.5,40.06,OVERVALUED +18.0%,PE Mean Reversion: ₹45.22 | 52W Low Buffer: ₹57.22,64.3,A,19,25.8,86.7,83.2,60.8,296,8,21,107,done,84.45,2026-10-09 02:51
CEINSYS.NS,Ceinsys Tech Limited,IT,28.0,2026-10-09 02:46,,,,,649.6,1222.91,,Stable,Rising,10.4,0.0,24.8,27.7,0.0,0.15,1395.0,https://www.screener.in/company/CEINSYS/consolidated/,0.19,0.0,58.61,0.19,0.05,0.0,0.0,0.0,0.0,0.0,0.0,0,0,0.19,0.0,Buying (+0.2% over 4Q),No data,747.04,597.63,672.34,522.93,OVERVALUED +nan%,52W Low Buffer: ₹747.04,64.3,A,19,70.0,76.8,50.0,55.199999999999996,16,44,64,188,done,95.5,2026-10-09 02:51
ALKYLAMINE.NS,Alkyl Amines Chemicals Limited,Chemicals,25.0,2026-10-09 02:37,,,,,1224.69,2089.6,,Stable,Rising,49.3,0.0,41.4,41.3,0.0,17.38,9346.0,https://www.screener.in/company/ALKYLAMINE/consolidated/,2.92,1.13,71.96,2.92,2.94,3.04,3.1,1.13,1.07,1.11,1.08,1,0,-0.18,0.05,Selling (-0.2% over 4Q),Stable/Reducing,1408.39,1126.71,1267.55,985.88,OVERVALUED +nan%,52W Low Buffer: ₹1408.39,64.1,A,21,30.0,95.3,50.0,72.0,227,3,64,24,done,85.5,2026-10-09 02:51
ATL.NS,Allcargo Terminals Limited,Logistics,22.0,2026-10-09 02:50,25.18,0.6,6.07,25.46,18.68,36.86,34.8,Stable,Normal,17.4,0.0,12.8,11.2,0.0,3.29,735.0,https://www.screener.in/company/ATL/consolidated/,8.21,1.93,69.91,8.21,7.61,7.05,7.0,1.93,0.75,0.0,0.0,0,1,1.21,1.93,Buying (+1.2% over 4Q),Accumulating (+1.9% over 4Q),31.84,25.47,28.65,22.29,BUY,PE Mean Reversion: ₹31.84 | 52W Low Buffer: ₹21.48,63.9,A,22,56.8,54.2,77.2,72.0,79,151,31,24,done,92.2,2026-10-09 02:51
ABB.NS,ABB India Limited,Miscellaneous,22.0,2026-10-09 02:28,6770.0,-8.93,-1.84,12.66,4618.02,7710.0,46.6,Stable,Normal,93.1,0.0,22.4,29.9,0.0,2.08,143462.0,https://www.screener.in/company/ABB/consolidated/,10.18,7.37,75.0,10.18,10.72,11.89,12.06,7.37,6.92,5.95,5.64,1,1,-1.88,1.73,Selling (-1.9% over 4Q),Accumulating (+1.7% over 4Q),5310.72,4248.58,4779.65,3717.51,OVERVALUED +27.5%,PE Mean Reversion: ₹1599.79 | 52W Low Buffer: ₹5310.72,63.6,A,23,25.8,76.8,55.5,92.0,296,44,54,4,done,84.45,2026-10-09 02:51
BEPL.NS,Bhansali Engineering Polymers Limited,Engineering,28.0,2026-10-09 02:42,,,,,75.91,133.84,,Stable,Normal,15.4,0.0,17.3,23.8,0.0,12.85,3072.0,https://www.screener.in/company/BEPL/consolidated/,0.95,0.04,57.48,0.95,1.13,1.12,2.09,0.04,0.05,0.06,0.07,0,0,-1.14,-0.03,Stable,Stable/Reducing,87.3,69.84,78.57,61.11,OVERVALUED +nan%,52W Low Buffer: ₹87.3,63.5,A,24,70.0,77.30000000000001,45.0,55.199999999999996,16,41,130,188,done,95.5,2026-10-09 02:51
ASKAUTOLTD.NS,ASK Automotive Limited,Automobiles,20.0,2026-10-09 02:37,594.6,-2.76,27.53,36.02,378.72,678.8,57.0,Rising,Normal,37.0,0.0,25.1,25.4,0.0,11.18,11722.0,https://www.screener.in/company/ASKAUTOLTD/consolidated/,4.92,3.83,85.0,4.92,4.48,4.91,9.16,3.83,4.02,4.2,4.51,0,0,-4.24,-0.68,Stable,Stable/Reducing,435.53,348.42,391.98,304.87,OVERVALUED +36.5%,PE Mean Reversion: ₹321.41 | 52W Low Buffer: ₹435.53,63.3,A,25,20.2,82.69999999999999,91.19999999999999,60.8,314,18,8,107,done,83.05,2026-10-09 02:51
AVANTIFEED.NS,Avanti Feeds Limited,FMCG,45.0,2026-10-09 02:37,,,,,634.65,1486.54,,Stable,Normal,17.7,0.0,18.3,24.4,0.0,4.85,9519.0,https://www.screener.in/company/AVANTIFEED/consolidated/,13.5,8.81,43.28,13.5,13.47,14.11,14.28,8.81,8.64,7.47,6.41,0,1,-0.78,2.4,Stable,Accumulating (+2.4% over 4Q),729.85,583.88,656.86,510.89,OVERVALUED +nan%,52W Low Buffer: ₹729.85,63.2,A,26,70.0,71.5,45.0,60.8,16,60,130,107,done,95.5,2026-10-09 02:51
BALMLAWRIE.NS,Balmer Lawrie & Company Limited,Miscellaneous,22.0,2026-10-09 02:43,156.08,-10.11,-11.26,1.64,145.44,196.65,7.32,Falling,Normal,9.56,0.0,13.7,14.6,0.0,2.92,2669.0,https://www.screener.in/company/BALMLAWRIE/consolidated/,1.82,2.48,0.0,1.82,2.12,2.71,3.07,2.48,2.21,2.09,1.93,1,1,-1.25,0.55,Selling (-1.2% over 4Q),Accumulating (+0.6% over 4Q),359.18,287.34,323.26,251.43,STRONG BUY,PE Mean Reversion: ₹359.18 | 52W Low Buffer: ₹167.26,63.0,A,27,84.0,54.2,31.0,78.0,1,151,291,19,done,99.0,2026-10-09 02:51
AGI.NS,AGI Greenpac Limited,Miscellaneous,22.0,2026-10-09 02:40,782.6,7.81,11.38,60.52,464.25,877.42,68.57,Rising,Normal,13.8,0.0,15.7,19.5,0.0,3.68,5063.0,https://www.screener.in/company/AGI/consolidated/,6.68,2.71,60.23,6.68,7.6,7.42,7.14,2.71,1.34,1.19,1.22,0,0,-0.46,1.49,Stable,Stable/Reducing,1247.62,998.1,1122.86,873.34,STRONG BUY,PE Mean Reversion: ₹1247.62 | 52W Low Buffer: ₹533.89,62.5,A,28,52.199999999999996,60.8,83.2,58.4,96,103,21,161,done,91.05,2026-10-09 02:51
CORDELIA.NS,Waterways Leisure Tourism Limited,Automobiles,20.0,2026-10-09 02:38,102.9,-5.67,29.94,0.0,66.81,115.15,54.02,Rising,Normal,186.0,0.0,92.3,64.0,0.0,-1.86,7449.0,https://www.screener.in/company/CORDELIA/consolidated/,6.41,1.09,89.35,6.41,6.41,0.0,0.0,1.09,1.09,0.0,0.0,0,1,6.41,1.09,Buying (+6.4% over 4Q),Accumulating (+1.1% over 4Q),76.83,61.47,69.15,53.78,OVERVALUED +33.9%,PE Mean Reversion: ₹11.06 | 52W Low Buffer: ₹76.83,62.3,A,29,25.8,80.19999999999999,73.8,68.0,296,36,39,60,done,84.45,2026-10-09 02:51
ARKADE.NS,Arkade Developers Limited,Miscellaneous,22.0,2026-10-09 02:44,117.67,-5.73,-10.22,17.76,94.83,174.38,24.09,Falling,Normal,12.3,0.0,20.3,18.9,0.0,-1.47,2185.0,https://www.screener.in/company/ARKADE/consolidated/,4.29,0.51,70.82,4.29,1.25,0.47,1.23,0.51,0.16,0.14,0.05,0,1,3.06,0.46,Buying (+3.1% over 4Q),Accumulating (+0.5% over 4Q),210.47,168.37,189.42,147.33,STRONG BUY,PE Mean Reversion: ₹210.47 | 52W Low Buffer: ₹109.05,62.0,A,30,72.8,61.5,41.5,68.0,13,100,272,60,done,96.2,2026-10-09 02:51
CHALET.NS,Chalet Hotels Limited,Hotels,35.0,2026-10-09 02:34,825.55,-9.05,1.06,14.01,701.5,973.81,17.68,Stable,Normal,33.8,0.0,19.0,17.0,0.0,-13.83,18079.0,https://www.screener.in/company/CHALET/consolidated/,2.51,21.82,71.69,2.51,3.09,4.24,6.81,21.82,20.72,19.61,21.47,1,0,-4.3,0.35,Selling (-4.3% over 4Q),Stable/Reducing,854.86,683.89,769.37,598.4,FAIR VALUE,PE Mean Reversion: ₹854.86 | 52W Low Buffer: ₹806.72,61.8,A,31,54.400000000000006,58.0,64.2,72.0,82,134,49,24,done,91.6,2026-10-09 02:51
BLIL.NS,Balmer Lawrie Investments Limited,Miscellaneous,22.0,2026-10-09 02:46,,,,,64.5,72.79,,Stable,Rising,8.04,0.0,12.7,16.9,0.0,1.78,1441.0,https://www.screener.in/company/BLIL/consolidated/,0.68,0.14,59.67,0.68,0.82,1.08,1.33,0.14,0.14,0.14,0.14,1,0,-0.65,0.0,Selling (-0.7% over 4Q),Stable/Reducing,74.17,59.34,66.76,51.92,OVERVALUED +nan%,52W Low Buffer: ₹74.17,61.5,A,32,70.0,60.8,50.0,63.2,16,103,64,98,done,95.5,2026-10-09 02:51
DATAMATICS.NS,Datamatics Global Services Limited,IT,28.0,2026-10-09 02:41,,,,,633.17,970.89,,Stable,Rising,17.4,0.0,16.0,20.4,0.0,2.37,4402.0,https://www.screener.in/company/DATAMATICS/consolidated/,3.14,0.33,66.5,3.14,2.81,2.33,2.19,0.33,0.36,0.19,0.16,0,0,0.95,0.17,Buying (+0.9% over 4Q),Stable/Reducing,728.15,582.52,655.33,509.7,OVERVALUED +nan%,52W Low Buffer: ₹728.15,61.4,A,33,62.0,66.2,50.0,64.0,60,78,64,80,done,93.5,2026-10-09 02:51
AJANTPHARM.NS,Ajanta Pharma Limited,Pharmaceuticals,28.0,2026-10-09 02:31,3435.6,-2.22,4.6,23.48,2340.47,3718.2,46.79,Stable,Normal,37.8,0.0,27.1,34.5,0.0,5.92,42931.0,https://www.screener.in/company/AJANTPHARM/consolidated/,9.99,15.6,66.22,9.99,9.11,8.54,8.36,15.6,16.67,17.48,17.41,0,0,1.63,-1.81,Buying (+1.6% over 4Q),Stable/Reducing,2691.54,2153.23,2422.39,1884.08,OVERVALUED +27.6%,PE Mean Reversion: ₹2544.89 | 52W Low Buffer: ₹2691.54,61.3,A,34,25.8,80.8,77.2,60.8,296,26,31,107,done,84.45,2026-10-09 02:51
BFINVEST.NS,BF Investment Limited,Miscellaneous,22.0,2026-10-09 02:45,426.0,-7.18,-3.91,27.31,310.8,535.25,37.06,Stable,Normal,4.12,0.0,3.65,4.86,0.0,2.63,1604.0,https://www.screener.in/company/BFINVEST/consolidated/,1.44,0.44,74.13,1.44,1.53,1.55,1.7,0.44,0.44,0.01,0.01,1,1,-0.26,0.43,Selling (-0.3% over 4Q),Accumulating (+0.4% over 4Q),2274.76,1819.81,2047.28,1592.33,STRONG BUY,PE Mean Reversion: ₹2274.76 | 52W Low Buffer: ₹357.42,61.0,A,35,65.8,35.5,54.5,92.0,51,273,56,4,done,94.45,2026-10-09 02:51
BLS.NS,BLS International Services Limited,Miscellaneous,22.0,2026-10-09 02:38,215.08,-9.88,-13.38,-13.78,215.08,343.92,0.0,Falling,Normal,12.6,0.0,32.1,29.8,0.0,6.0,8856.0,https://www.screener.in/company/BLS/consolidated/,7.66,0.07,71.52,7.66,7.56,7.67,7.4,0.07,0.89,1.05,1.35,0,0,0.26,-1.28,Buying (+0.3% over 4Q),Stable/Reducing,375.54,300.43,337.98,262.88,STRONG BUY,PE Mean Reversion: ₹375.54 | 52W Low Buffer: ₹247.34,60.7,A,36,70.0,80.8,18.799999999999997,60.8,16,26,319,107,done,95.5,2026-10-09 02:51
ARIHANT.NS,Arihant Foundations & Housing Limited,Real Estate,30.0,2026-10-09 02:48,,,,,39.65,1149.6,,Stable,Normal,14.9,0.0,17.1,16.4,0.0,12.38,1021.0,https://www.screener.in/company/ARIHANT/consolidated/,0.0,0.0,42.87,0.0,0.0,0.0,0.0,0.0,0.0,0.0,0.0,0,0,0.0,0.0,No data,No data,45.6,36.48,41.04,31.92,OVERVALUED +nan%,52W Low Buffer: ₹45.6,60.5,A,37,70.0,72.0,45.0,49.6,16,57,130,260,done,95.5,2026-10-09 02:51
BALUFORGE.NS,Balu Forge Industries Limited,Miscellaneous,22.0,2026-10-09 02:39,489.45,-12.2,8.05,19.81,356.19,674.6,37.41,Stable,Normal,22.2,0.0,19.6,22.7,0.0,6.14,5942.0,https://www.screener.in/company/BALUFORGE/consolidated/,6.48,2.0,57.47,6.48,8.77,9.71,8.51,2.0,1.95,1.88,1.43,0,1,-2.03,0.57,Stable,Accumulating (+0.6% over 4Q),485.04,388.03,436.54,339.53,OVERVALUED +0.9%,PE Mean Reversion: ₹485.04 | 52W Low Buffer: ₹409.62,60.5,A,37,33.8,71.5,70.19999999999999,66.39999999999999,216,60,44,63,done,86.45,2026-10-09 02:51
CPPLUS.NS,Aditya Infotech Limited,IT,28.0,2026-10-09 02:31,3972.2,5.84,11.86,117.63,1313.4,4064.9,202.44,Rising,Normal,102.0,0.0,25.4,28.6,0.0,15.68,48710.0,https://www.screener.in/company/CPPLUS/consolidated/,4.44,10.06,77.12,4.44,4.37,5.72,6.35,10.06,10.19,14.75,13.61,0,0,-1.91,-3.55,Stable,Stable/Reducing,1510.41,1208.33,1359.37,1057.29,OVERVALUED +163.0%,PE Mean Reversion: ₹1090.41 | 52W Low Buffer: ₹1510.41,60.4,A,39,16.0,87.30000000000001,83.2,54.400000000000006,323,7,21,222,done,82.0,2026-10-09 02:51
DAMCAPITAL.NS,Dam Capital Advisors Limited,Finance,18.0,2026-10-09 02:48,141.38,-1.39,-5.76,8.4,120.67,261.45,17.17,Stable,Rising,13.8,0.0,24.4,35.4,0.0,-0.42,999.0,https://www.screener.in/company/DAMCAPITAL/consolidated/,4.75,14.82,40.0,4.75,3.31,1.82,1.76,14.82,11.15,10.3,10.35,0,0,2.99,4.47,Buying (+3.0% over 4Q),Stable/Reducing,184.41,147.53,165.97,129.09,BUY,PE Mean Reversion: ₹184.41 | 52W Low Buffer: ₹138.77,60.1,A,40,62.400000000000006,76.2,47.199999999999996,48.8,59,48,128,269,done,93.6,2026-10-09 02:51
AVTNPL.NS,AVT Natural Products Limited,Miscellaneous,22.0,2026-10-09 02:47,,,,,53.9,98.26,,Stable,Rising,15.5,0.0,12.2,14.2,0.0,15.29,1301.0,https://www.screener.in/company/AVTNPL/consolidated/,0.05,0.02,75.0,0.05,0.02,0.15,0.05,0.02,0.02,0.02,0.02,0,0,0.0,0.0,Stable,Stable/Reducing,61.98,49.59,55.79,43.39,OVERVALUED +nan%,52W Low Buffer: ₹61.98,60.1,A,40,62.0,64.7,50.0,60.8,60,99,64,107,done,93.5,2026-10-09 02:51
AARTIDRUGS.NS,Aarti Drugs Limited,Pharmaceuticals,28.0,2026-10-09 02:41,414.0,-2.13,6.44,25.19,319.75,521.8,29.48,Stable,Normal,19.6,0.0,13.4,12.0,0.0,4.41,3779.0,https://www.screener.in/company/AARTIDRUGS/consolidated/,2.33,5.32,58.57,2.33,2.1,2.56,2.95,5.32,5.26,5.99,7.35,0,0,-0.62,-2.03,Stable,Stable/Reducing,591.43,473.14,532.29,414.0,BUY,PE Mean Reversion: ₹591.43 | 52W Low Buffer: ₹367.71,60.1,A,40,64.80000000000001,54.2,77.2,48.8,52,151,31,269,done,94.2,2026-10-09 02:51
BORORENEW.NS,BOROSIL RENEWABLES LIMITED,Power,18.0,2026-10-09 02:39,,,,,377.0,699.3,,Stable,Normal,17.0,0.0,25.7,25.3,0.0,3.79,6330.0,https://www.screener.in/company/BORORENEW/consolidated/,4.48,0.74,61.6,4.48,4.37,4.31,4.18,0.74,0.26,0.24,0.23,0,1,0.3,0.51,Buying (+0.3% over 4Q),Accumulating (+0.5% over 4Q),433.55,346.84,390.19,303.48,OVERVALUED +nan%,52W Low Buffer: ₹433.55,60.1,A,40,46.0,76.8,45.0,66.39999999999999,154,44,130,63,done,89.5,2026-10-09 02:51
BHARTIARTL.NS,Bharti Airtel Limited,Miscellaneous,22.0,2026-10-09 02:27,1804.6,-2.66,-5.11,-0.9,1734.97,2135.82,4.01,Stable,Normal,36.1,0.0,20.3,17.6,0.0,4.3,1126362.0,https://www.screener.in/company/BHARTIARTL/consolidated/,21.87,19.69,54.75,21.87,22.69,24.35,24.62,19.69,19.51,19.2,19.13,1,1,-2.75,0.56,Selling (-2.8% over 4Q),Accumulating (+0.6% over 4Q),1995.22,1596.17,1795.69,1396.65,FAIR VALUE,PE Mean Reversion: ₹1099.76 | 52W Low Buffer: ₹1995.22,59.9,B,44,44.0,66.2,37.0,86.4,166,78,277,7,done,89.0,2026-10-09 02:51
APTUS.NS,Aptus Value Housing Finance India Limited,Finance,18.0,2026-10-09 02:37,216.92,-15.56,-24.02,10.7,192.77,314.49,12.53,Falling,Rising,11.0,0.0,20.1,15.4,0.0,0.0,10864.0,https://www.screener.in/company/APTUS/consolidated/,14.83,2.78,62.13,14.83,15.42,19.58,22.81,2.78,5.21,5.11,9.14,1,0,-7.98,-6.36,Selling (-8.0% over 4Q),Stable/Reducing,354.96,283.97,319.46,248.47,STRONG BUY,PE Mean Reversion: ₹354.96 | 52W Low Buffer: ₹221.69,59.8,B,45,70.4,66.2,40.5,56.8,15,78,275,178,done,95.6,2026-10-09 02:51
ANTHEM.NS,Anthem Biosciences Limited,Pharmaceuticals,28.0,2026-10-09 02:31,872.55,-6.53,13.81,28.38,590.86,957.8,47.67,Rising,Normal,82.8,0.0,22.3,30.4,0.0,-5.74,49154.0,https://www.screener.in/company/ANTHEM/consolidated/,1.66,7.21,74.69,1.66,1.37,1.28,2.57,7.21,7.6,11.55,13.48,0,0,-0.91,-6.27,Stable,Stable/Reducing,679.49,543.59,611.54,475.64,OVERVALUED +28.4%,PE Mean Reversion: ₹295.07 | 52W Low Buffer: ₹679.49,59.6,B,46,25.8,76.2,83.2,54.400000000000006,296,48,21,222,done,84.45,2026-10-09 02:51
3MINDIA.NS,3M India Limited,Miscellaneous,22.0,2026-10-09 02:32,,,,,28517.01,37097.74,,Stable,Rising,55.4,0.0,30.5,40.5,0.0,-0.07,33838.0,https://www.screener.in/company/3MINDIA/consolidated/,3.56,8.45,75.0,3.56,3.56,3.64,3.77,8.45,8.52,8.44,8.27,1,0,-0.21,0.18,Selling (-0.2% over 4Q),Stable/Reducing,32794.56,26235.65,29515.11,22956.19,OVERVALUED +nan%,52W Low Buffer: ₹32794.56,59.6,B,46,30.0,80.19999999999999,50.0,72.0,227,36,64,24,done,85.5,2026-10-09 02:51
AHLUCONT.NS,Ahluwalia Contracts (India) Limited,Miscellaneous,22.0,2026-10-09 02:41,,,,,550.05,1052.43,,Stable,Normal,16.5,0.0,13.8,20.4,0.0,2.65,3711.0,https://www.screener.in/company/AHLUCONT/consolidated/,12.6,26.65,55.32,12.6,12.66,13.32,13.25,26.65,26.4,26.04,25.32,0,1,-0.65,1.33,Stable,Accumulating (+1.3% over 4Q),632.56,506.05,569.3,442.79,OVERVALUED +nan%,52W Low Buffer: ₹632.56,59.3,B,48,62.0,60.8,45.0,66.39999999999999,60,103,130,63,done,93.5,2026-10-09 02:51
CONFIPET.NS,Confidence Petroleum India Limited,Miscellaneous,22.0,2026-10-09 02:43,84.9,3.43,20.79,120.14,28.78,91.84,195.03,Rising,Normal,21.0,0.0,6.76,9.23,0.0,27.55,2821.0,https://www.screener.in/company/CONFIPET/consolidated/,2.23,1.26,61.32,2.23,2.13,2.08,1.94,1.26,1.25,1.19,0.52,0,1,0.29,0.74,Buying (+0.3% over 4Q),Accumulating (+0.7% over 4Q),88.94,71.15,80.05,62.26,FAIR VALUE,PE Mean Reversion: ₹88.94 | 52W Low Buffer: ₹33.1,59.2,B,49,32.0,54.699999999999996,91.19999999999999,66.39999999999999,226,146,8,63,done,86.0,2026-10-09 02:51
BBTC.NS,The Bombay Burmah Trading Corporation Limited,Miscellaneous,22.0,2026-10-09 02:38,1224.6,-16.8,-19.93,-10.94,1224.6,2083.07,0.0,Falling,Normal,6.9,0.0,18.7,33.0,0.0,1.92,8544.0,https://www.screener.in/company/BBTC/consolidated/,8.27,1.3,74.05,8.27,8.48,8.96,8.86,1.3,1.25,1.27,1.45,0,0,-0.59,-0.15,Stable,Stable/Reducing,3904.52,3123.62,3514.07,2733.17,STRONG BUY,PE Mean Reversion: ₹3904.52 | 52W Low Buffer: ₹1408.29,59.1,B,50,70.0,75.5,18.799999999999997,60.8,16,53,319,107,done,95.5,2026-10-09 02:51
CEIGALL.NS,Ceigall India Limited,Real Estate,30.0,2026-10-09 02:39,374.1,1.16,-1.18,39.77,226.09,395.43,65.46,Stable,Normal,20.3,0.0,15.7,17.3,0.0,3.28,6517.0,https://www.screener.in/company/CEIGALL/consolidated/,2.97,6.88,82.05,2.97,1.58,1.47,1.81,6.88,7.67,8.23,7.33,0,0,1.16,-0.45,Buying (+1.2% over 4Q),Stable/Reducing,552.86,442.29,497.57,387.0,STRONG BUY,PE Mean Reversion: ₹552.86 | 52W Low Buffer: ₹260.0,59.0,B,51,52.199999999999996,60.8,62.5,60.8,96,103,51,107,done,91.05,2026-10-09 02:51
BSOFT.NS,BIRLASOFT LIMITED,IT,28.0,2026-10-09 02:38,271.8,-3.77,-2.07,-18.01,268.24,458.73,1.33,Stable,Normal,12.7,0.0,14.1,21.2,0.0,1.77,7601.0,https://www.screener.in/company/BSOFT/consolidated/,17.57,22.4,40.97,17.57,21.25,23.48,18.82,22.4,20.16,18.61,20.89,0,0,-1.25,1.51,Stable,Stable/Reducing,599.24,479.4,539.32,419.47,STRONG BUY,PE Mean Reversion: ₹599.24 | 52W Low Buffer: ₹308.48,59.0,B,51,84.0,60.8,32.8,52.800000000000004,1,103,290,239,done,99.0,2026-10-09 02:51
APCOTEXIND.NS,Apcotex Industries Limited,Miscellaneous,22.0,2026-10-09 02:42,576.9,-8.66,13.59,76.04,310.79,681.6,85.62,Rising,Normal,79.7,0.0,24.4,19.8,0.0,23.21,2991.0,https://www.screener.in/company/APCOTEXIND/consolidated/,0.51,0.19,58.23,0.51,0.51,0.48,0.49,0.19,0.44,0.56,0.63,0,0,0.02,-0.44,Buying (+0.0% over 4Q),Stable/Reducing,357.41,285.93,321.67,250.19,OVERVALUED +61.4%,PE Mean Reversion: ₹159.24 | 52W Low Buffer: ₹357.41,59.0,B,51,16.0,82.0,83.2,55.199999999999996,323,22,21,188,done,82.0,2026-10-09 02:51
ATLANTAELE.NS,Atlanta Electricals Limited,Power,18.0,2026-10-09 02:36,,,,,726.3,2151.5,,Stable,Normal,63.6,0.0,31.7,45.3,0.0,8.15,13892.0,https://www.screener.in/company/ATLANTAELE/consolidated/,2.19,3.86,87.28,2.19,2.4,2.4,1.92,3.86,4.17,4.31,4.76,0,0,0.27,-0.9,Buying (+0.3% over 4Q),Stable/Reducing,835.24,668.2,751.72,584.67,OVERVALUED +nan%,52W Low Buffer: ₹835.24,58.9,B,54,30.0,90.7,45.0,60.8,227,6,130,107,done,85.5,2026-10-09 02:51
BUILDPRO.NS,Shankara Buildpro Limited,Real Estate,30.0,2026-10-09 02:42,,,,,130.09,269.56,,Stable,Normal,22.8,0.0,25.9,39.0,0.0,4.7,3034.0,https://www.screener.in/company/BUILDPRO/consolidated/,10.97,12.13,40.17,10.97,9.27,0.0,0.0,12.13,13.24,0.0,0.0,0,0,10.97,12.13,Buying (+11.0% over 4Q),Stable/Reducing,149.6,119.68,134.64,104.72,OVERVALUED +nan%,52W Low Buffer: ₹149.6,58.9,B,54,54.0,80.8,45.0,48.8,83,26,130,269,done,91.5,2026-10-09 02:51
CHAMBLFERT.NS,Chambal Fertilizers & Chemicals Limited,Chemicals,25.0,2026-10-09 02:35,378.65,-9.42,-17.24,-8.62,378.65,498.2,0.0,Falling,Normal,7.87,0.0,20.0,25.2,0.0,-3.23,15171.0,https://www.screener.in/company/CHAMBLFERT/consolidated/,10.85,9.04,60.56,10.85,13.39,15.0,15.6,9.04,9.35,7.07,7.29,1,0,-4.75,1.75,Selling (-4.8% over 4Q),Stable/Reducing,1202.83,962.26,1082.54,841.98,STRONG BUY,PE Mean Reversion: ₹1202.83 | 52W Low Buffer: ₹435.45,58.9,B,54,70.0,66.8,24.0,66.39999999999999,16,74,307,63,done,95.5,2026-10-09 02:51
AEROPLANE.NS,Amir Chand Jagdish Kumar (Exports) Limited,Miscellaneous,22.0,2026-10-09 02:43,,,,,117.45,218.44,,Stable,Rising,18.1,0.0,15.8,15.7,0.0,10.61,2238.0,https://www.screener.in/company/AEROPLANE/consolidated/,3.5,2.63,78.78,3.5,1.89,0.0,0.0,2.63,5.44,0.0,0.0,0,0,3.5,2.63,Buying (+3.5% over 4Q),Stable/Reducing,135.07,108.05,121.56,94.55,OVERVALUED +nan%,52W Low Buffer: ₹135.07,58.5,B,57,54.0,66.7,50.0,60.0,83,75,64,158,done,91.5,2026-10-09 02:51
BAJAJHIND.NS,Bajaj Hindusthan Sugar Limited,FMCG,45.0,2026-10-09 02:40,,,,,14.93,24.23,,Stable,Normal,37.0,0.0,24.4,3.11,0.0,-2.25,4791.0,https://www.screener.in/company/BAJAJHIND/consolidated/,1.64,12.41,24.96,1.64,1.8,2.57,2.63,12.41,9.45,8.6,8.43,1,1,-0.99,3.98,Selling (-1.0% over 4Q),Accumulating (+4.0% over 4Q),17.17,13.74,15.45,12.02,OVERVALUED +nan%,52W Low Buffer: ₹17.17,58.5,B,57,54.0,50.8,45.0,83.2,83,172,130,9,done,91.5,2026-10-09 02:51
ASHAPURMIN.NS,Ashapura Minechem Limited,Miscellaneous,22.0,2026-10-09 02:40,469.35,-12.46,-25.38,-3.28,457.77,899.06,2.53,Falling,Normal,10.9,0.0,28.0,20.7,0.0,4.98,4484.0,https://www.screener.in/company/ASHAPURMIN/consolidated/,18.03,0.19,45.33,18.03,17.56,17.24,16.45,0.19,0.18,0.48,0.45,0,0,1.58,-0.26,Buying (+1.6% over 4Q),Stable/Reducing,947.31,757.85,852.58,663.12,STRONG BUY,PE Mean Reversion: ₹947.31 | 52W Low Buffer: ₹526.44,58.4,B,59,84.0,71.5,18.0,49.6,1,60,326,260,done,99.0,2026-10-09 02:51
AEROFLEX.NS,Aeroflex Industries Limited,Defence,40.0,2026-10-09 02:38,529.0,-5.22,28.05,120.1,158.65,573.5,233.44,Rising,Normal,104.0,0.0,14.1,18.9,0.0,13.8,7000.0,https://www.screener.in/company/AEROFLEX/consolidated/,1.13,6.76,66.99,1.13,0.36,0.29,0.21,6.76,5.83,6.16,5.91,0,0,0.92,0.85,Buying (+0.9% over 4Q),Stable/Reducing,203.46,162.77,183.12,142.42,OVERVALUED +160.0%,PE Mean Reversion: ₹203.46 | 52W Low Buffer: ₹182.45,58.2,B,60,16.0,66.7,91.19999999999999,64.0,323,75,8,80,done,82.0,2026-10-09 02:51
COLPAL.NS,Colgate Palmolive (India) Limited,Miscellaneous,22.0,2026-10-09 02:31,1735.7,-4.29,-16.44,-6.45,1735.0,2268.56,0.04,Falling,Normal,109.0,0.0,158.0,179.0,0.0,15.43,47209.0,https://www.screener.in/company/COLPAL/consolidated/,24.08,5.59,51.0,24.08,24.62,24.51,24.44,5.59,5.6,5.82,5.72,0,0,-0.36,-0.13,Stable,Stable/Reducing,1995.25,1596.2,1795.72,1396.67,WATCH,PE Mean Reversion: ₹350.32 | 52W Low Buffer: ₹1995.25,58.2,B,60,44.0,95.3,24.0,55.199999999999996,166,3,307,188,done,89.0,2026-10-09 02:51
ARVSMART.NS,Arvind SmartSpaces Limited,Textiles,18.0,2026-10-09 02:43,,,,,499.62,692.45,,Stable,Rising,15.2,0.0,14.2,12.4,0.0,38.3,2794.0,https://www.screener.in/company/ARVSMART/consolidated/,0.85,11.62,50.54,0.85,0.49,0.41,1.81,11.62,11.66,13.52,12.33,0,0,-0.96,-0.71,Stable,Stable/Reducing,574.56,459.65,517.11,402.19,OVERVALUED +nan%,52W Low Buffer: ₹574.56,58.1,B,62,54.0,69.3,50.0,55.199999999999996,83,73,64,188,done,91.5,2026-10-09 02:51
AIIL.NS,Authum Investment & Infrastructure Limited,Real Estate,30.0,2026-10-09 02:31,,,,,405.3,667.9,,Stable,Normal,22.3,0.0,12.8,13.3,0.0,0.0,46716.0,https://www.screener.in/company/AIIL/consolidated/,7.14,0.0,74.53,7.14,7.19,7.19,7.23,0.0,0.0,0.0,0.0,1,0,-0.09,0.0,Selling (-0.1% over 4Q),No data,466.09,372.88,419.49,326.27,OVERVALUED +nan%,52W Low Buffer: ₹466.09,58.0,B,63,62.0,54.2,45.0,68.8,60,151,130,46,done,93.5,2026-10-09 02:51
BAJAJ-AUTO.NS,Bajaj Auto Limited,Automobiles,20.0,2026-10-09 02:28,,,,,8599.48,12361.0,,Stable,Normal,22.5,0.0,29.2,28.2,0.0,13.6,264828.0,https://www.screener.in/company/BAJAJ-AUTO/consolidated/,14.37,9.03,54.99,14.37,14.64,14.53,14.19,9.03,8.66,8.47,8.73,0,0,0.18,0.3,Buying (+0.2% over 4Q),Stable/Reducing,9889.4,7911.52,8900.46,6922.58,OVERVALUED +nan%,52W Low Buffer: ₹9889.4,57.9,B,64,38.0,82.69999999999999,45.0,58.4,194,18,130,161,done,87.5,2026-10-09 02:51
AEROENTER.NS,Aeroflex Enterprises Limited,Defence,40.0,2026-10-09 02:46,125.45,-18.92,3.53,89.22,64.75,154.73,93.74,Stable,Normal,9.35,0.0,8.41,12.6,0.0,7.89,1420.0,https://www.screener.in/company/AEROENTER/consolidated/,2.29,0.0,51.59,2.29,0.75,0.75,1.11,0.0,0.0,0.21,0.21,0,0,1.18,-0.21,Buying (+1.2% over 4Q),Stable/Reducing,536.68,429.35,483.02,375.68,STRONG BUY,PE Mean Reversion: ₹536.68 | 52W Low Buffer: ₹74.46,57.9,B,64,56.0,48.8,77.2,55.199999999999996,80,179,31,188,done,92.0,2026-10-09 02:51
20MICRONS.NS,20 Microns Limited,Miscellaneous,22.0,2026-10-09 02:50,,,,,132.33,224.8,,Stable,Normal,10.1,0.0,14.5,17.3,0.0,-0.31,687.0,https://www.screener.in/company/20MICRONS/consolidated/,0.72,0.0,44.95,0.72,0.73,0.78,1.0,0.0,0.0,0.06,0.02,1,0,-0.28,-0.02,Selling (-0.3% over 4Q),Stable/Reducing,152.18,121.74,136.96,106.53,OVERVALUED +nan%,52W Low Buffer: ₹152.18,57.8,B,66,70.0,56.2,45.0,57.599999999999994,16,135,130,173,done,95.5,2026-10-09 02:51
CHOLAFIN.NS,Cholamandalam Investment and Finance Company Limited,Finance,18.0,2026-10-09 02:29,1544.0,-16.46,-16.66,9.06,1354.17,1940.0,14.02,Falling,Rising,22.9,0.0,19.4,9.71,0.0,0.0,131914.0,https://www.screener.in/company/CHOLAFIN/consolidated/,21.51,20.04,51.43,21.51,24.73,26.0,26.63,20.04,18.39,17.05,16.86,1,1,-5.12,3.18,Selling (-5.1% over 4Q),Accumulating (+3.2% over 4Q),1557.3,1245.84,1401.57,1090.11,FAIR VALUE,PE Mean Reversion: ₹1213.62 | 52W Low Buffer: ₹1557.3,57.7,B,67,38.4,54.2,41.2,94.39999999999999,182,151,274,2,done,87.6,2026-10-09 02:51
BLUESTARCO.NS,Blue Star Limited,Miscellaneous,22.0,2026-10-09 02:32,,,,,1445.3,2006.86,,Stable,Rising,59.0,0.0,17.2,21.2,0.0,3.19,31233.0,https://www.screener.in/company/BLUESTARCO/consolidated/,14.89,25.24,36.49,14.89,15.38,15.93,17.04,25.24,24.82,24.69,23.56,1,1,-2.15,1.68,Selling (-2.1% over 4Q),Accumulating (+1.7% over 4Q),1662.09,1329.68,1495.89,1163.47,OVERVALUED +nan%,52W Low Buffer: ₹1662.09,57.6,B,68,30.0,66.2,50.0,80.8,227,78,64,10,done,85.5,2026-10-09 02:51
ASALCBR.NS,Associated Alcohols & Breweries Ltd.,Miscellaneous,22.0,2026-10-09 02:47,,,,,590.1,1224.97,,Stable,Rising,13.9,0.0,14.6,18.0,0.0,1.37,1151.0,https://www.screener.in/company/ASALCBR/consolidated/,0.48,0.0,58.67,0.48,0.58,1.2,1.11,0.0,0.1,0.0,0.0,0,0,-0.63,0.0,Stable,Stable/Reducing,678.62,542.89,610.75,475.03,OVERVALUED +nan%,52W Low Buffer: ₹678.62,57.5,B,69,62.0,60.8,50.0,55.199999999999996,60,103,64,188,done,93.5,2026-10-09 02:51
CARRARO.NS,Carraro India Limited,Automobiles,20.0,2026-10-09 02:42,,,,,417.83,600.92,,Stable,Normal,20.8,0.0,26.7,29.3,0.0,2.31,2898.0,https://www.screener.in/company/CARRARO/consolidated/,3.52,17.53,68.77,3.52,4.02,3.69,3.59,17.53,17.03,16.62,17.05,0,0,-0.07,0.48,Stable,Stable/Reducing,480.5,384.4,432.45,336.35,OVERVALUED +nan%,52W Low Buffer: ₹480.5,57.5,B,69,38.0,76.8,45.0,64.0,194,44,130,80,done,87.5,2026-10-09 02:51
COFORGE.NS,Coforge Limited,IT,28.0,2026-10-09 02:30,1814.3,-6.24,19.94,58.86,1071.4,2014.6,69.34,Rising,Normal,41.9,0.0,21.4,23.5,0.0,10.92,80380.0,https://www.screener.in/company/COFORGE/consolidated/,34.37,54.28,0.0,34.37,34.04,35.0,41.43,54.28,55.02,54.29,47.29,0,0,-7.06,6.99,Stable,Stable/Reducing,1232.11,985.69,1108.9,862.48,OVERVALUED +47.3%,PE Mean Reversion: ₹1212.42 | 52W Low Buffer: ₹1232.11,57.4,B,71,20.2,77.30000000000001,83.2,50.0,314,41,21,258,done,83.05,2026-10-09 02:51
AVALON.NS,Avalon Technologies Limited,IT,28.0,2026-10-09 02:35,2302.0,-2.15,40.37,139.02,793.85,2537.7,189.98,Rising,Rising,115.0,0.0,16.5,19.3,0.0,10.04,15396.0,https://www.screener.in/company/AVALON/consolidated/,9.23,16.28,51.09,9.23,5.7,2.43,2.56,16.28,17.07,22.47,23.19,0,0,6.67,-6.91,Buying (+6.7% over 4Q),Stable/Reducing,912.93,730.34,821.63,639.05,OVERVALUED +152.2%,PE Mean Reversion: ₹560.49 | 52W Low Buffer: ₹912.93,56.8,B,72,16.0,72.0,100.0,44.800000000000004,323,57,1,292,done,82.0,2026-10-09 02:51
ADFFOODS.NS,ADF Foods Limited,FMCG,45.0,2026-10-09 02:42,,,,,157.54,319.7,,Stable,Normal,32.7,0.0,17.7,21.8,0.0,5.12,3167.0,https://www.screener.in/company/ADFFOODS/consolidated/,9.57,7.91,36.29,9.57,9.57,9.55,9.51,7.91,8.01,8.64,8.65,0,0,0.06,-0.74,Buying (+0.1% over 4Q),Stable/Reducing,181.17,144.94,163.05,126.82,OVERVALUED +nan%,52W Low Buffer: ₹181.17,56.8,B,72,62.0,66.2,45.0,49.6,60,78,130,260,done,93.5,2026-10-09 02:51
BLUEJET.NS,Blue Jet Healthcare Limited,Healthcare,35.0,2026-10-09 02:37,518.55,-8.68,-10.28,51.14,326.57,676.39,58.79,Falling,Normal,69.6,0.0,52.1,57.3,0.0,-7.25,9815.0,https://www.screener.in/company/BLUEJET/consolidated/,2.93,3.7,86.0,2.93,2.01,2.02,2.18,3.7,3.04,2.14,1.75,0,1,0.75,1.95,Buying (+0.8% over 4Q),Accumulating (+1.9% over 4Q),375.56,300.44,338.0,262.89,OVERVALUED +38.1%,PE Mean Reversion: ₹260.77 | 52W Low Buffer: ₹375.56,56.8,B,72,20.2,80.19999999999999,48.5,72.0,314,36,117,24,done,83.05,2026-10-09 02:51
ARSSBL.NS,Anand Rathi Share and Stock Brokers Limited,Miscellaneous,22.0,2026-10-09 02:41,,,,,414.41,767.12,,Stable,Rising,23.3,0.0,14.0,19.7,0.0,4.83,3390.0,https://www.screener.in/company/ARSSBL/consolidated/,2.83,9.42,69.9,2.83,1.91,0.82,0.15,9.42,6.1,4.98,4.06,0,1,2.68,5.36,Buying (+2.7% over 4Q),Accumulating (+5.4% over 4Q),476.57,381.26,428.91,333.6,OVERVALUED +nan%,52W Low Buffer: ₹476.57,56.7,B,75,38.0,60.8,50.0,76.0,194,103,64,20,done,87.5,2026-10-09 02:51
CUMMINSIND.NS,Cummins India Limited,Miscellaneous,22.0,2026-10-09 02:29,4740.9,-5.75,-12.63,3.21,3862.75,5977.92,22.73,Falling,Normal,53.9,0.0,30.2,39.5,0.0,4.27,131418.0,https://www.screener.in/company/CUMMINSIND/consolidated/,16.45,21.97,51.0,16.45,16.51,17.36,17.95,21.97,23.36,22.86,22.24,1,0,-1.5,-0.27,Selling (-1.5% over 4Q),Stable/Reducing,4442.16,3553.73,3997.95,3109.51,OVERVALUED +6.7%,PE Mean Reversion: ₹1935.06 | 52W Low Buffer: ₹4442.16,56.7,B,75,32.8,84.80000000000001,36.2,63.2,218,12,283,98,done,86.2,2026-10-09 02:51
AMRUTANJAN.NS,Amrutanjan Health Care Limited,Healthcare,35.0,2026-10-09 02:46,,,,,485.38,734.94,,Stable,Normal,71.4,0.0,20.0,31.4,0.0,12.03,1454.0,https://www.screener.in/company/AMRUTANJAN/consolidated/,0.75,7.1,50.59,0.75,0.8,1.38,1.55,7.1,7.24,7.29,7.32,1,0,-0.8,-0.22,Selling (-0.8% over 4Q),Stable/Reducing,558.19,446.55,502.37,390.73,OVERVALUED +nan%,52W Low Buffer: ₹558.19,56.7,B,75,30.0,81.30000000000001,45.0,63.2,227,24,130,98,done,85.5,2026-10-09 02:51
AEQUS.NS,Aequs Limited,Miscellaneous,22.0,2026-10-09 02:34,268.0,14.6,10.55,117.78,115.11,288.15,132.82,Rising,Rising,0.0,0.0,-9.96,1.69,0.0,11.38,17974.0,https://www.screener.in/company/AEQUS/consolidated/,4.05,11.63,59.08,4.05,3.9,5.17,0.0,11.63,11.39,8.85,0.0,0,1,4.05,11.63,Buying (+4.0% over 4Q),Accumulating (+11.6% over 4Q),132.38,105.9,119.14,92.66,OVERVALUED +102.5%,52W Low Buffer: ₹132.38,56.6,B,78,36.0,38.7,92.0,70.4,212,268,7,43,done,87.0,2026-10-09 02:51
BCLIND.NS,Bcl Industries Limited,Miscellaneous,22.0,2026-10-09 02:49,29.88,-17.22,-12.7,12.72,25.41,40.14,17.6,Falling,Normal,7.56,0.0,13.4,13.9,0.0,-7.49,882.0,https://www.screener.in/company/BCLIND/consolidated/,1.66,0.0,60.41,1.66,5.88,6.41,4.84,0.0,0.0,0.0,0.0,0,0,-3.18,0.0,Stable,No data,86.95,69.56,78.26,60.87,STRONG BUY,PE Mean Reversion: ₹86.95 | 52W Low Buffer: ₹29.22,56.6,B,78,78.4,49.5,41.5,55.199999999999996,8,177,272,188,done,97.6,2026-10-09 02:51
BENGALASM.NS,Bengal & Assam Company Limited,Miscellaneous,22.0,2026-10-09 02:39,,,,,5772.0,6661.5,,Stable,Rising,8.75,0.0,8.11,3.92,0.0,0.0,6730.0,https://www.screener.in/company/BENGALASM/consolidated/,4.28,0.01,72.66,4.28,4.31,4.31,4.31,0.01,0.01,0.01,0.01,1,0,-0.03,0.0,Selling (-0.0% over 4Q),Stable/Reducing,6637.8,5310.24,5974.02,4646.46,OVERVALUED +nan%,52W Low Buffer: ₹6637.8,56.6,B,78,70.0,39.5,50.0,68.8,16,248,64,46,done,95.5,2026-10-09 02:51
CGCL.NS,Capri Global Capital Limited,Finance,18.0,2026-10-09 02:33,241.54,-12.39,1.79,46.02,151.86,279.9,59.06,Stable,Normal,20.6,0.0,16.5,11.7,0.0,0.0,23240.0,https://www.screener.in/company/CGCL/consolidated/,0.81,14.15,69.88,0.81,0.85,1.01,1.07,14.15,14.18,14.1,14.55,1,0,-0.26,-0.4,Selling (-0.3% over 4Q),Stable/Reducing,211.05,168.84,189.95,147.74,OVERVALUED +14.4%,PE Mean Reversion: ₹211.05 | 52W Low Buffer: ₹174.64,56.3,B,81,28.2,59.5,71.2,68.8,294,128,40,46,done,85.05,2026-10-09 02:51
AJMERA.NS,Ajmera Realty & Infra India Limited,Real Estate,30.0,2026-10-09 02:43,,,,,99.11,212.55,,Stable,Normal,14.7,0.0,11.5,14.3,0.0,5.41,2278.0,https://www.screener.in/company/AJMERA/consolidated/,0.04,1.59,69.74,0.04,0.02,0.29,0.19,1.59,1.77,2.11,2.11,0,0,-0.15,-0.52,Stable,Stable/Reducing,113.98,91.18,102.58,79.78,OVERVALUED +nan%,52W Low Buffer: ₹113.98,56.3,B,81,70.0,48.8,45.0,60.8,16,179,130,107,done,95.5,2026-10-09 02:51
ADVANCE.NS,Advance Agrolife Limited,Miscellaneous,22.0,2026-10-09 02:50,,,,,84.96,147.57,,Stable,Normal,28.5,0.0,29.1,28.0,0.0,9.98,732.0,https://www.screener.in/company/ADVANCE/consolidated/,4.42,2.03,69.89,4.42,2.58,3.82,0.0,2.03,1.92,2.08,0.0,0,0,4.42,2.03,Buying (+4.4% over 4Q),Stable/Reducing,97.7,78.16,87.93,68.39,OVERVALUED +nan%,52W Low Buffer: ₹97.7,56.3,B,81,30.0,82.69999999999999,45.0,60.0,227,18,130,158,done,85.5,2026-10-09 02:51
CNL.NS,Creative Newtech Limited,IT,28.0,2026-10-09 02:45,,,,,527.91,1279.02,,Stable,Normal,21.6,0.0,18.8,18.8,0.0,3.07,1592.0,https://www.screener.in/company/CNL/consolidated/,0.01,1.06,56.91,0.01,0.0,0.07,0.14,1.06,1.49,1.58,1.57,0,0,-0.13,-0.51,Stable,Stable/Reducing,607.1,485.68,546.39,424.97,OVERVALUED +nan%,52W Low Buffer: ₹607.1,56.2,B,84,54.0,66.2,45.0,55.199999999999996,83,78,130,188,done,91.5,2026-10-09 02:51
COSMOFIRST.NS,COSMO FIRST LIMITED,Miscellaneous,22.0,2026-10-09 02:44,,,,,574.62,964.85,,Stable,Normal,12.4,0.0,10.4,11.2,0.0,10.03,2133.0,https://www.screener.in/company/COSMOFIRST/consolidated/,3.72,0.88,45.04,3.72,3.45,3.19,3.23,0.88,0.76,0.03,0.68,0,0,0.49,0.2,Buying (+0.5% over 4Q),Stable/Reducing,660.81,528.65,594.73,462.57,OVERVALUED +nan%,52W Low Buffer: ₹660.81,56.1,B,85,70.0,54.699999999999996,45.0,52.800000000000004,16,146,130,239,done,95.5,2026-10-09 02:51
CMSINFO.NS,CMS Info Systems Limited,IT,28.0,2026-10-09 02:41,,,,,218.37,380.83,,Stable,Normal,11.4,0.0,12.7,17.9,0.0,0.28,3431.0,https://www.screener.in/company/CMSINFO/consolidated/,23.76,23.98,26.69,23.76,23.76,36.34,40.21,23.98,23.43,29.01,28.4,1,0,-16.45,-4.42,Selling (-16.4% over 4Q),Stable/Reducing,251.13,200.9,226.01,175.79,OVERVALUED +nan%,52W Low Buffer: ₹251.13,56.1,B,85,70.0,60.8,45.0,45.599999999999994,16,103,130,287,done,95.5,2026-10-09 02:51
CENTRALBK.NS,Central Bank of India,Banking,12.0,2026-10-09 02:32,29.99,-3.13,-6.66,-7.63,29.62,39.79,1.25,Stable,Normal,5.95,0.0,11.9,5.64,0.0,0.0,27145.0,https://www.screener.in/company/CENTRALBK/consolidated/,0.16,2.84,93.08,0.16,0.07,0.17,0.16,2.84,2.79,2.8,2.81,0,0,0.0,0.03,Stable,Stable/Reducing,60.48,48.39,54.44,42.34,STRONG BUY,PE Mean Reversion: ₹60.48 | 52W Low Buffer: ₹34.06,56.0,B,87,84.0,43.5,30.0,64.0,1,233,296,80,done,99.0,2026-10-09 02:51
BRIGADE.NS,Brigade Enterprises Limited,Real Estate,30.0,2026-10-09 02:34,,,,,474.38,778.36,,Stable,Normal,26.2,0.0,10.5,10.5,0.0,-2.9,17853.0,https://www.screener.in/company/BRIGADE/consolidated/,13.4,25.41,43.77,13.4,13.73,14.86,16.17,25.41,25.01,23.84,22.86,1,1,-2.77,2.55,Selling (-2.8% over 4Q),Accumulating (+2.5% over 4Q),545.54,436.43,490.98,381.88,OVERVALUED +nan%,52W Low Buffer: ₹545.54,56.0,B,87,54.0,44.2,45.0,80.8,83,230,130,10,done,91.5,2026-10-09 02:51
CHOLAHLDNG.NS,Cholamandalam Financial Holdings Limited,Finance,18.0,2026-10-09 02:32,,,,,1349.83,2013.21,,Stable,Normal,9.64,0.0,17.5,9.75,0.0,0.0,25733.0,https://www.screener.in/company/CHOLAHLDNG/consolidated/,12.92,26.71,47.37,12.92,12.87,13.78,13.73,26.71,25.96,25.24,25.51,0,0,-0.81,1.2,Stable,Stable/Reducing,1552.3,1241.84,1397.07,1086.61,OVERVALUED +nan%,52W Low Buffer: ₹1552.3,56.0,B,87,70.0,54.2,45.0,52.800000000000004,16,151,130,239,done,95.5,2026-10-09 02:51
AZAD.NS,Azad Engineering Limited,Engineering,28.0,2026-10-09 02:34,2883.7,0.55,26.74,94.28,1366.5,3062.6,111.03,Rising,Rising,134.0,0.0,9.09,11.9,0.0,5.8,18623.0,https://www.screener.in/company/AZAD/consolidated/,4.68,5.71,65.9,4.68,6.98,9.69,9.74,5.71,5.0,3.44,5.74,1,0,-5.06,-0.03,Selling (-5.1% over 4Q),Stable/Reducing,1571.47,1257.18,1414.33,1100.03,OVERVALUED +83.5%,PE Mean Reversion: ₹602.56 | 52W Low Buffer: ₹1571.47,55.8,B,90,16.0,48.8,100.0,68.8,323,179,1,46,done,82.0,2026-10-09 02:51
AKCAPIT.NS,AK Capital Services Limited,Finance,18.0,2026-10-09 02:47,,,,,1674.64,1772.2,,Stable,Rising,9.97,0.0,11.0,9.33,0.0,0.0,1141.0,https://www.screener.in/company/AKCAPIT/consolidated/,0.0,0.0,71.5,0.0,0.0,0.0,0.0,0.0,0.0,0.0,0.0,0,0,0.0,0.0,No data,No data,1925.84,1540.67,1733.25,1348.09,OVERVALUED +nan%,52W Low Buffer: ₹1925.84,55.8,B,90,70.0,43.5,50.0,60.8,16,233,64,107,done,95.5,2026-10-09 02:51
COROMANDEL.NS,Coromandel International Limited,Miscellaneous,22.0,2026-10-09 02:31,,,,,1743.9,2396.41,,Stable,Rising,26.4,0.0,16.4,22.0,0.0,3.56,49377.0,https://www.screener.in/company/COROMANDEL/consolidated/,7.18,21.11,57.34,7.18,7.71,7.34,7.52,21.11,20.22,20.63,20.79,0,0,-0.34,0.32,Stable,Stable/Reducing,2005.48,1604.39,1804.94,1403.84,OVERVALUED +nan%,52W Low Buffer: ₹2005.48,55.6,B,92,38.0,71.5,50.0,58.4,194,60,64,161,done,87.5,2026-10-09 02:51
ARIHANTCAP.NS,Arihant Capital Markets Limited,Finance,18.0,2026-10-09 02:48,95.62,22.78,33.31,54.91,57.83,115.43,65.34,Rising,Rising,26.2,0.0,7.67,11.5,0.0,13.11,1048.0,https://www.screener.in/company/ARIHANTCAP/consolidated/,0.06,0.0,71.64,0.06,0.06,0.18,0.17,0.0,0.0,0.0,0.0,0,0,-0.11,0.0,Stable,No data,66.5,53.2,59.85,46.55,OVERVALUED +43.8%,PE Mean Reversion: ₹65.69 | 52W Low Buffer: ₹66.5,55.5,B,93,20.2,50.7,100.0,60.8,314,173,1,107,done,83.05,2026-10-09 02:51
CLEAN.NS,Clean Science and Technology Limited,IT,28.0,2026-10-09 02:38,796.8,-5.64,-0.42,17.9,653.32,1064.64,21.96,Stable,Normal,36.4,0.0,15.3,20.7,0.0,2.61,8469.0,https://www.screener.in/company/CLEAN/consolidated/,6.01,5.23,74.98,6.01,5.92,5.88,6.05,5.23,5.13,5.04,4.55,0,1,-0.04,0.68,Stable,Accumulating (+0.7% over 4Q),751.32,601.05,676.19,525.92,OVERVALUED +6.1%,PE Mean Reversion: ₹612.92 | 52W Low Buffer: ₹751.32,55.5,B,93,32.8,60.8,55.5,72.0,218,103,54,24,done,86.2,2026-10-09 02:51
BANKBARODA.NS,Bank of Baroda,Banking,12.0,2026-10-09 02:29,234.0,-1.27,-5.59,-7.2,227.5,314.28,2.86,Stable,Normal,5.48,0.0,12.7,5.63,0.0,0.0,121010.0,https://www.screener.in/company/BANKBARODA/consolidated/,12.39,15.74,63.97,12.39,12.27,12.4,11.45,15.74,15.75,16.04,15.77,0,0,0.94,-0.03,Buying (+0.9% over 4Q),Stable/Reducing,512.41,409.93,461.17,358.69,STRONG BUY,PE Mean Reversion: ₹512.41 | 52W Low Buffer: ₹261.62,55.4,B,95,84.0,48.8,30.0,55.199999999999996,1,179,296,188,done,99.0,2026-10-09 02:51
ARDEE.NS,Ardee Industries Limited,Miscellaneous,22.0,2026-10-09 02:45,48.96,-12.71,0.0,0.0,47.42,67.12,3.25,Stable,Rising,0.0,0.0,0.0,0.0,0.0,0.0,0.0,https://www.screener.in/company/ARDEE/consolidated/,1.85,8.4,67.62,1.85,0.0,0.0,0.0,8.4,0.0,0.0,0.0,0,1,1.85,8.4,Buying (+1.9% over 4Q),Accumulating (+8.4% over 4Q),54.53,43.63,49.08,38.17,WATCH,52W Low Buffer: ₹54.53,55.4,B,95,64.0,31.5,50.0,80.0,53,288,64,14,done,94.0,2026-10-09 02:51
CAPLIPOINT.NS,Caplin Point Laboratories Limited,Pharmaceuticals,28.0,2026-10-09 02:34,,,,,1499.51,2867.4,,Stable,Normal,29.1,0.0,20.9,24.2,0.0,4.57,19374.0,https://www.screener.in/company/CAPLIPOINT/consolidated/,3.09,0.21,70.62,3.09,2.84,3.33,3.38,0.21,0.43,1.08,1.49,0,0,-0.29,-1.28,Stable,Stable/Reducing,1724.44,1379.55,1551.99,1207.11,OVERVALUED +nan%,52W Low Buffer: ₹1724.44,55.2,B,97,38.0,71.5,45.0,60.8,194,60,130,107,done,87.5,2026-10-09 02:51
BEL.NS,Bharat Electronics Limited,Miscellaneous,22.0,2026-10-09 02:28,367.3,-9.08,-12.25,-9.13,367.3,467.81,0.0,Falling,Normal,43.7,0.0,27.4,36.4,0.0,4.01,268488.0,https://www.screener.in/company/BEL/consolidated/,17.19,24.19,51.14,17.19,17.77,17.56,17.43,24.19,23.37,22.63,20.62,0,1,-0.24,3.57,Stable,Accumulating (+3.6% over 4Q),422.39,337.92,380.16,295.68,WATCH,PE Mean Reversion: ₹184.91 | 52W Low Buffer: ₹422.39,55.1,B,98,30.0,80.8,24.0,74.4,227,26,307,21,done,85.5,2026-10-09 02:51
ADANIPORTS.NS,Adani Ports and Special Economic Zone Limited,Miscellaneous,22.0,2026-10-09 02:28,1708.0,0.81,-6.87,28.21,1298.13,1883.2,31.57,Stable,Normal,29.6,0.0,16.4,14.1,0.0,4.37,393516.0,https://www.screener.in/company/ADANIPORTS/consolidated/,13.83,13.27,65.53,13.83,14.72,14.98,15.19,13.27,12.01,11.84,12.48,1,0,-1.36,0.79,Selling (-1.4% over 4Q),Stable/Reducing,1492.85,1194.28,1343.56,1044.99,OVERVALUED +14.4%,PE Mean Reversion: ₹1269.46 | 52W Low Buffer: ₹1492.85,55.0,B,99,32.8,59.5,54.5,72.0,218,128,56,24,done,86.2,2026-10-09 02:51
APLLTD.NS,Alembic Pharmaceuticals Limited,Pharmaceuticals,28.0,2026-10-09 02:35,,,,,637.08,946.62,,Stable,Rising,21.1,0.0,13.4,12.6,0.0,5.98,15735.0,https://www.screener.in/company/APLLTD/consolidated/,4.51,14.22,69.61,4.51,4.52,4.46,4.32,14.22,14.51,15.39,15.47,0,0,0.19,-1.25,Buying (+0.2% over 4Q),Stable/Reducing,732.64,586.11,659.38,512.85,OVERVALUED +nan%,52W Low Buffer: ₹732.64,55.0,B,99,54.0,54.2,50.0,60.8,83,151,64,107,done,91.5,2026-10-09 02:51
ASAHIINDIA.NS,Asahi India Glass Limited,Miscellaneous,22.0,2026-10-09 02:33,938.8,-1.46,8.04,15.13,782.79,1064.22,19.93,Stable,Normal,53.6,0.0,10.3,11.5,0.0,3.87,23933.0,https://www.screener.in/company/ASAHIINDIA/consolidated/,3.68,1.83,54.23,3.68,3.71,3.94,3.94,1.83,1.91,1.44,1.47,1,0,-0.26,0.36,Selling (-0.3% over 4Q),Stable/Reducing,900.21,720.17,810.19,630.15,OVERVALUED +4.3%,PE Mean Reversion: ₹385.33 | 52W Low Buffer: ₹900.21,54.9,B,101,38.4,48.8,70.19999999999999,66.39999999999999,182,179,44,63,done,87.6,2026-10-09 02:51
AFSL.NS,Abans Financial Services Limited,Finance,18.0,2026-10-09 02:48,,,,,201.0,216.74,,Stable,Normal,8.02,0.0,8.29,7.9,0.0,7.85,1029.0,https://www.screener.in/company/AFSL/consolidated/,11.72,0.0,72.09,11.72,11.58,11.47,10.42,0.0,0.0,0.0,0.01,0,0,1.3,-0.01,Buying (+1.3% over 4Q),Stable/Reducing,231.15,184.92,208.03,161.8,OVERVALUED +nan%,52W Low Buffer: ₹231.15,54.8,B,102,70.0,43.5,45.0,60.8,16,233,130,107,done,95.5,2026-10-09 02:51
DBCORP.NS,D.B.Corp Limited,Media,20.0,2026-10-09 02:42,167.39,-14.26,-13.78,-11.99,167.39,261.27,0.0,Falling,Normal,8.48,0.0,14.3,18.3,0.0,1.87,2984.0,https://www.screener.in/company/DBCORP/consolidated/,13.02,4.35,71.96,13.02,13.35,13.34,13.44,4.35,4.63,4.74,4.68,0,0,-0.42,-0.33,Stable,Stable/Reducing,394.79,315.83,355.31,276.35,STRONG BUY,PE Mean Reversion: ₹394.79 | 52W Low Buffer: ₹192.5,54.7,B,103,70.0,60.8,18.799999999999997,60.8,16,103,319,107,done,95.5,2026-10-09 02:51
CERA.NS,Cera Sanitaryware Limited,Miscellaneous,22.0,2026-10-09 02:39,,,,,4472.66,6585.47,,Stable,Normal,25.8,0.0,18.2,22.4,0.0,1.14,6384.0,https://www.screener.in/company/CERA/consolidated/,20.92,8.38,54.48,20.92,20.63,21.93,21.45,8.38,8.38,6.61,7.3,0,0,-0.53,1.08,Stable,Stable/Reducing,5143.56,4114.85,4629.2,3600.49,OVERVALUED +nan%,52W Low Buffer: ₹5143.56,54.6,B,104,38.0,71.5,45.0,58.4,194,60,130,161,done,87.5,2026-10-09 02:51
BAJAJCON.NS,Bajaj Consumer Care Limited,FMCG,45.0,2026-10-09 02:39,489.15,-7.01,-21.14,39.72,246.55,670.25,98.4,Falling,Normal,28.6,0.0,24.7,30.0,0.0,6.44,6389.0,https://www.screener.in/company/BAJAJCON/consolidated/,14.41,17.17,39.35,14.41,14.1,14.15,10.85,17.17,17.47,17.5,20.71,0,0,3.56,-3.54,Buying (+3.6% over 4Q),Stable/Reducing,769.64,615.71,692.68,538.75,STRONG BUY,PE Mean Reversion: ₹769.64 | 52W Low Buffer: ₹283.53,54.5,B,105,48.0,80.8,42.5,39.2,151,26,262,324,done,90.0,2026-10-09 02:51
CANBK.NS,Canara Bank,Banking,12.0,2026-10-09 02:29,117.35,-5.36,-6.14,-7.07,117.35,153.85,0.0,Stable,Normal,5.36,0.0,16.1,6.52,0.0,0.0,106444.0,https://www.screener.in/company/CANBK/consolidated/,11.21,14.29,62.93,11.21,10.57,11.91,11.26,14.29,14.39,11.19,11.65,0,0,-0.05,2.64,Stable,Stable/Reducing,262.72,210.18,236.45,183.91,STRONG BUY,PE Mean Reversion: ₹262.72 | 52W Low Buffer: ₹134.95,54.4,B,106,70.0,54.2,30.0,58.4,16,151,296,161,done,95.5,2026-10-09 02:51
AIAENG.NS,AIA Engineering Limited,Engineering,28.0,2026-10-09 02:31,,,,,3212.13,5062.37,,Stable,Normal,27.5,0.0,17.0,21.1,0.0,2.92,34929.0,https://www.screener.in/company/AIAENG/consolidated/,18.5,20.29,58.47,18.5,18.29,18.16,17.68,20.29,20.46,20.53,20.94,0,0,0.82,-0.65,Buying (+0.8% over 4Q),Stable/Reducing,3693.95,2955.16,3324.55,2585.76,OVERVALUED +nan%,52W Low Buffer: ₹3693.95,54.2,B,107,46.0,66.2,45.0,55.199999999999996,154,78,130,188,done,89.5,2026-10-09 02:51
ADVAIT.NS,Advait Energy Transitions Limited,Power,18.0,2026-10-09 02:44,1871.6,-10.64,-11.91,6.34,1374.26,2448.22,36.19,Falling,Normal,35.5,0.0,21.5,27.9,0.0,8.39,2049.0,https://www.screener.in/company/ADVAIT/consolidated/,0.0,0.0,73.53,0.0,0.0,0.0,0.01,0.0,0.0,0.0,0.0,1,0,-0.01,0.0,Selling (-0.0% over 4Q),No data,1580.4,1264.32,1422.36,1106.28,OVERVALUED +18.4%,PE Mean Reversion: ₹948.98 | 52W Low Buffer: ₹1580.4,54.1,B,108,25.8,77.30000000000001,36.2,68.8,296,41,283,46,done,84.45,2026-10-09 02:51
CEMPRO.NS,Cemindia Projects Limited,Miscellaneous,22.0,2026-10-09 02:34,,,,,508.4,1639.6,,Stable,Normal,32.6,0.0,27.8,32.8,0.0,1.43,19598.0,https://www.screener.in/company/CEMPRO/consolidated/,14.42,3.38,46.64,14.42,13.9,17.08,20.0,3.38,1.94,1.82,2.44,0,0,-5.58,0.94,Stable,Stable/Reducing,584.66,467.73,526.19,409.26,OVERVALUED +nan%,52W Low Buffer: ₹584.66,53.9,B,109,30.0,80.8,45.0,52.800000000000004,227,26,130,239,done,85.5,2026-10-09 02:51
BSE.NS,BSE Limited,Miscellaneous,22.0,2026-10-09 02:28,3334.8,-3.23,-9.23,20.28,2238.3,4391.73,48.99,Stable,Rising,48.0,0.0,46.0,60.0,0.0,6.21,136021.0,https://www.screener.in/company/BSE/consolidated/,7.9,8.09,0.0,7.9,12.03,13.04,11.12,8.09,11.27,12.69,11.6,0,0,-3.22,-3.51,Stable,Stable/Reducing,2574.05,2059.24,2316.64,1801.83,OVERVALUED +29.6%,PE Mean Reversion: ₹1528.45 | 52W Low Buffer: ₹2574.05,53.9,B,109,25.8,84.80000000000001,59.5,40.4,296,12,52,321,done,84.45,2026-10-09 02:51
COMSYN.NS,Commercial Syn Bags Limited,Miscellaneous,22.0,2026-10-09 02:48,256.5,-12.67,33.91,67.64,137.77,306.05,86.18,Rising,Normal,36.2,0.0,16.1,13.9,0.0,4.91,1076.0,https://www.screener.in/company/COMSYN/consolidated/,0.0,0.0,58.79,0.0,0.11,0.0,0.0,0.0,0.0,0.0,0.0,0,0,0.0,0.0,Stable,No data,158.44,126.75,142.59,110.9,OVERVALUED +61.9%,PE Mean Reversion: ₹155.88 | 52W Low Buffer: ₹158.44,53.9,B,109,16.0,59.5,91.19999999999999,55.199999999999996,323,128,8,188,done,82.0,2026-10-09 02:51
DBL.NS,Dilip Buildcon Limited,Real Estate,30.0,2026-10-09 02:39,,,,,385.19,523.7,,Stable,Normal,11.6,0.0,5.55,13.1,0.0,-2.7,6456.0,https://www.screener.in/company/DBL/consolidated/,2.69,9.06,70.15,2.69,2.89,2.89,2.8,9.06,9.1,9.08,9.17,0,0,-0.11,-0.11,Stable,Stable/Reducing,442.97,354.37,398.67,310.08,OVERVALUED +nan%,52W Low Buffer: ₹442.97,53.8,B,112,70.0,40.199999999999996,45.0,60.8,16,245,130,107,done,95.5,2026-10-09 02:51
ACEVECTOR.NS,AceVector Limited,Miscellaneous,22.0,2026-10-09 02:45,29.12,0.0,0.0,0.0,25.93,31.11,12.3,Stable,Normal,0.0,0.0,-53.5,-14.7,0.0,29.11,1585.0,https://www.screener.in/company/ACEVECTOR/consolidated/,18.96,14.68,49.97,18.96,0.0,0.0,0.0,14.68,0.0,0.0,0.0,0,1,18.96,14.68,Buying (+19.0% over 4Q),Accumulating (+14.7% over 4Q),29.82,23.86,26.84,20.87,FAIR VALUE,52W Low Buffer: ₹29.82,53.8,B,112,58.4,46.7,45.0,64.80000000000001,75,214,130,78,done,92.6,2026-10-09 02:51
BANKINDIA.NS,Bank of India,Banking,12.0,2026-10-09 02:30,132.35,-6.81,-7.06,-5.74,119.22,171.59,11.02,Stable,Normal,5.12,0.0,12.4,5.93,0.0,0.0,60255.0,https://www.screener.in/company/BANKINDIA/consolidated/,2.92,9.55,81.41,2.92,4.31,4.52,3.61,9.55,14.65,15.82,15.46,0,0,-0.69,-5.91,Stable,Stable/Reducing,310.2,248.16,279.18,217.14,STRONG BUY,PE Mean Reversion: ₹310.2 | 52W Low Buffer: ₹137.1,53.8,B,112,78.4,48.8,30.0,54.400000000000006,8,179,296,222,done,97.6,2026-10-09 02:51
CAMS.NS,Computer Age Management Services Limited,Miscellaneous,22.0,2026-10-09 02:35,662.5,-10.05,-13.98,4.79,617.28,829.35,7.33,Falling,Normal,33.3,0.0,36.3,47.0,0.0,2.7,16464.0,https://www.screener.in/company/CAMS/consolidated/,38.61,16.05,19.87,38.61,47.69,53.78,56.51,16.05,23.07,19.91,19.42,1,0,-17.9,-3.37,Selling (-17.9% over 4Q),Stable/Reducing,709.87,567.9,638.88,496.91,FAIR VALUE,PE Mean Reversion: ₹437.69 | 52W Low Buffer: ₹709.87,53.7,B,115,44.0,84.80000000000001,36.2,40.0,166,12,283,323,done,89.0,2026-10-09 02:51
BOROLTD.NS,Borosil Limited,Miscellaneous,22.0,2026-10-09 02:42,269.15,5.86,13.31,19.04,215.6,354.85,24.84,Rising,Normal,44.1,0.0,8.82,11.1,0.0,3.57,3219.0,https://www.screener.in/company/BOROLTD/consolidated/,0.71,1.32,70.2,0.71,0.78,0.85,1.87,1.32,1.39,1.45,3.81,1,0,-1.16,-2.49,Selling (-1.2% over 4Q),Stable/Reducing,247.94,198.35,223.15,173.56,OVERVALUED +8.6%,PE Mean Reversion: ₹134.27 | 52W Low Buffer: ₹247.94,53.7,B,115,32.8,48.8,76.2,62.400000000000006,218,179,37,105,done,86.2,2026-10-09 02:51
AUROPHARMA.NS,Aurobindo Pharma Limited,Pharmaceuticals,28.0,2026-10-09 02:29,1645.0,-0.9,3.91,25.17,1070.8,1734.0,53.62,Stable,Normal,25.0,0.0,10.1,12.9,0.0,3.81,94650.0,https://www.screener.in/company/AUROPHARMA/consolidated/,22.45,18.29,51.84,22.45,20.72,18.01,16.73,18.29,20.6,23.28,24.77,0,0,5.72,-6.48,Buying (+5.7% over 4Q),Stable/Reducing,1842.4,1473.92,1658.16,1289.68,WATCH,PE Mean Reversion: ₹1842.4 | 52W Low Buffer: ₹1231.42,53.7,B,115,49.800000000000004,48.8,77.2,44.800000000000004,150,179,31,292,done,90.45,2026-10-09 02:51
ANDHRSUGAR.NS,The Andhra Sugars Limited,Miscellaneous,22.0,2026-10-09 02:47,,,,,66.19,102.62,,Stable,Normal,10.4,0.0,6.14,8.44,0.0,1.09,1218.0,https://www.screener.in/company/ANDHRSUGAR/consolidated/,3.38,0.05,47.08,3.38,3.28,3.02,2.92,0.05,0.0,0.0,0.0,0,1,0.46,0.05,Buying (+0.5% over 4Q),Accumulating (+0.1% over 4Q),76.12,60.89,68.51,53.28,OVERVALUED +nan%,52W Low Buffer: ₹76.12,53.6,B,118,70.0,39.5,45.0,60.8,16,248,130,107,done,95.5,2026-10-09 02:51
BETA.NS,Beta Drugs Limited,Pharmaceuticals,28.0,2026-10-09 02:44,,,,,1030.3,2668.3,,Stable,Normal,46.2,0.0,18.8,19.2,0.0,6.49,2104.0,https://www.screener.in/company/BETA/consolidated/,0.32,0.02,66.73,0.32,0.32,0.32,0.9,0.02,0.02,0.06,0.12,1,0,-0.58,-0.1,Selling (-0.6% over 4Q),Stable/Reducing,1184.84,947.88,1066.36,829.39,OVERVALUED +nan%,52W Low Buffer: ₹1184.84,53.6,B,118,30.0,66.2,45.0,68.8,227,78,130,46,done,85.5,2026-10-09 02:51
AARTIPHARM.NS,Aarti Pharmalabs Limited,Pharmaceuticals,28.0,2026-10-09 02:38,879.05,2.15,25.97,44.73,590.52,975.0,48.86,Rising,Normal,37.0,0.0,8.59,10.7,0.0,8.25,7971.0,https://www.screener.in/company/AARTIPHARM/consolidated/,8.45,10.51,46.3,8.45,8.17,8.33,7.07,10.51,9.91,9.97,11.47,0,0,1.38,-0.96,Buying (+1.4% over 4Q),Stable/Reducing,679.1,543.28,611.19,475.37,OVERVALUED +29.4%,PE Mean Reversion: ₹665.23 | 52W Low Buffer: ₹679.1,53.5,B,120,25.8,54.699999999999996,91.19999999999999,49.6,296,146,8,260,done,84.45,2026-10-09 02:51
ARIS.NS,Arisinfra Solutions Limited,IT,28.0,2026-10-09 02:48,,,,,84.18,175.58,,Stable,Normal,16.9,0.0,11.2,15.6,0.0,7.4,1116.0,https://www.screener.in/company/ARIS/consolidated/,9.79,6.27,37.93,9.79,2.58,1.3,2.07,6.27,3.75,3.72,5.77,0,0,7.72,0.5,Buying (+7.7% over 4Q),Stable/Reducing,96.81,77.45,87.13,67.76,OVERVALUED +nan%,52W Low Buffer: ₹96.81,53.4,B,121,62.0,55.5,45.0,48.8,60,138,130,269,done,93.5,2026-10-09 02:51
ASHOKA.NS,Ashoka Buildcon Limited,Real Estate,30.0,2026-10-09 02:43,101.4,-12.21,-21.19,-7.19,101.4,211.59,0.0,Falling,Normal,4.21,0.0,0.73,26.4,0.0,-5.16,2847.0,https://www.screener.in/company/ASHOKA/consolidated/,2.97,19.96,54.48,2.97,4.51,7.23,7.63,19.96,19.72,17.63,19.32,1,0,-4.66,0.64,Selling (-4.7% over 4Q),Stable/Reducing,722.57,578.05,650.31,505.8,STRONG BUY,PE Mean Reversion: ₹722.57 | 52W Low Buffer: ₹116.61,53.4,B,121,70.0,52.199999999999996,18.0,66.39999999999999,16,171,326,63,done,95.5,2026-10-09 02:51
ABDL.NS,Allied Blenders and Distillers Limited,Miscellaneous,22.0,2026-10-09 02:34,693.45,15.58,1.09,76.16,380.85,723.45,82.08,Stable,Rising,87.0,0.0,14.3,18.4,0.0,1.43,19396.0,https://www.screener.in/company/ABDL/consolidated/,3.83,3.52,80.91,3.83,2.83,2.55,2.73,3.52,4.14,4.01,4.03,0,0,1.1,-0.51,Buying (+1.1% over 4Q),Stable/Reducing,437.98,350.38,394.18,306.58,OVERVALUED +58.3%,PE Mean Reversion: ₹175.36 | 52W Low Buffer: ₹437.98,53.4,B,121,16.0,60.8,80.0,60.8,323,103,29,107,done,82.0,2026-10-09 02:51
ADSL.NS,Allied Digital Services Limited,IT,28.0,2026-10-09 02:50,,,,,85.95,190.54,,Stable,Rising,14.3,0.0,4.82,7.39,0.0,4.24,558.0,https://www.screener.in/company/ADSL/consolidated/,0.0,0.0,52.39,0.0,1.08,1.01,1.81,0.0,0.01,0.0,0.0,0,0,-1.81,0.0,Stable,Stable/Reducing,98.84,79.07,88.96,69.19,OVERVALUED +nan%,52W Low Buffer: ₹98.84,53.2,B,124,70.0,39.5,50.0,55.199999999999996,16,248,64,188,done,95.5,2026-10-09 02:51
AWL.NS,AWL Agri Business Limited,Miscellaneous,22.0,2026-10-09 02:33,,,,,171.4,276.16,,Stable,Normal,20.2,0.0,10.7,18.3,0.0,4.0,23759.0,https://www.screener.in/company/AWL/consolidated/,0.65,0.12,87.88,0.65,0.77,0.73,0.95,0.12,0.29,0.25,0.07,0,0,-0.3,0.05,Stable,Stable/Reducing,197.11,157.69,177.4,137.98,OVERVALUED +nan%,52W Low Buffer: ₹197.11,53.2,B,124,46.0,55.5,45.0,64.0,154,138,130,80,done,89.5,2026-10-09 02:51
BRITANNIA.NS,Britannia Industries Limited,Miscellaneous,22.0,2026-10-09 02:29,,,,,4770.0,6083.68,,Stable,Normal,43.9,0.0,53.5,56.0,0.0,1.97,114306.0,https://www.screener.in/company/BRITANNIA/consolidated/,19.66,13.84,50.55,19.66,18.99,18.23,17.41,13.84,14.84,15.63,16.69,0,0,2.25,-2.85,Buying (+2.2% over 4Q),Stable/Reducing,5485.5,4388.4,4936.95,3839.85,OVERVALUED +nan%,52W Low Buffer: ₹5485.5,53.1,B,126,30.0,84.80000000000001,45.0,44.800000000000004,227,12,130,292,done,85.5,2026-10-09 02:51
BCG.NS,Brightcom Group Limited,Miscellaneous,22.0,2026-10-09 02:44,8.99,-6.55,-7.22,4.66,8.17,14.75,10.04,Stable,Normal,1.79,0.0,9.99,14.9,0.0,4.29,1814.0,https://www.screener.in/company/BCG/consolidated/,9.53,0.11,18.38,9.53,10.53,10.7,9.39,0.11,0.17,0.15,0.0,0,0,0.14,0.11,Buying (+0.1% over 4Q),Stable/Reducing,110.49,88.39,99.44,77.34,STRONG BUY,PE Mean Reversion: ₹110.49 | 52W Low Buffer: ₹9.4,53.1,B,126,78.4,48.8,42.199999999999996,41.6,8,179,264,319,done,97.6,2026-10-09 02:51
ABSLAMC.NS,Aditya Birla Sun Life AMC Limited,Miscellaneous,22.0,2026-10-09 02:32,,,,,699.42,1169.69,,Stable,Normal,28.8,0.0,25.2,32.2,0.0,-9.48,29079.0,https://www.screener.in/company/ABSLAMC/consolidated/,1.74,5.21,86.48,1.74,4.37,4.62,4.54,5.21,12.08,11.59,12.37,0,0,-2.8,-7.16,Stable,Stable/Reducing,804.33,643.47,723.9,563.03,OVERVALUED +nan%,52W Low Buffer: ₹804.33,53.0,B,128,30.0,76.2,45.0,54.400000000000006,227,48,130,222,done,85.5,2026-10-09 02:51
APARINDS.NS,Apar Industries Limited,Miscellaneous,22.0,2026-10-09 02:30,,,,,6941.9,18945.0,,Stable,Normal,61.9,0.0,20.3,31.8,0.0,6.49,74600.0,https://www.screener.in/company/APARINDS/consolidated/,10.98,18.62,57.77,10.98,11.55,11.51,10.97,18.62,18.9,19.73,20.41,0,0,0.01,-1.79,Buying (+0.0% over 4Q),Stable/Reducing,7983.18,6386.55,7184.87,5588.23,OVERVALUED +nan%,52W Low Buffer: ₹7983.18,53.0,B,128,30.0,75.5,45.0,55.199999999999996,227,53,130,188,done,85.5,2026-10-09 02:51
AMNPLST.NS,Amines & Plasticizers Limited,Miscellaneous,22.0,2026-10-09 02:49,,,,,128.45,229.84,,Stable,Rising,23.7,0.0,13.2,16.7,0.0,1.75,913.0,https://www.screener.in/company/AMNPLST/consolidated/,0.0,0.0,73.17,0.0,0.0,0.0,0.0,0.0,0.0,0.0,0.0,0,0,0.0,0.0,No data,No data,147.72,118.17,132.95,103.4,OVERVALUED +nan%,52W Low Buffer: ₹147.72,52.9,B,130,38.0,60.8,50.0,60.8,194,103,64,107,done,87.5,2026-10-09 02:51
BAJAJHLDNG.NS,Bajaj Holdings & Investment Limited,Miscellaneous,22.0,2026-10-09 02:29,,,,,8588.89,12907.88,,Stable,Normal,13.3,0.0,11.9,11.0,0.0,1.61,117967.0,https://www.screener.in/company/BAJAJHLDNG/consolidated/,11.65,5.88,51.46,11.65,11.57,11.53,11.21,5.88,5.95,6.09,6.42,0,0,0.44,-0.54,Buying (+0.4% over 4Q),Stable/Reducing,9877.22,7901.78,8889.5,6914.06,OVERVALUED +nan%,52W Low Buffer: ₹9877.22,52.9,B,130,62.0,48.8,45.0,55.199999999999996,60,179,130,188,done,93.5,2026-10-09 02:51
ARYAMAN.NS,Aryaman Financial Services Limited,Finance,18.0,2026-10-09 02:50,,,,,585.0,649.95,,Stable,Rising,25.2,0.0,20.4,22.2,0.0,0.0,747.0,https://www.screener.in/company/ARYAMAN/consolidated/,0.0,0.01,62.17,0.0,0.0,0.0,0.0,0.01,0.01,0.01,0.01,0,0,0.0,0.0,No data,Stable/Reducing,672.75,538.2,605.48,470.92,OVERVALUED +nan%,52W Low Buffer: ₹672.75,52.8,B,132,30.0,71.5,50.0,55.199999999999996,227,60,64,188,done,85.5,2026-10-09 02:51
BOSCHLTD.NS,Bosch Limited,Miscellaneous,22.0,2026-10-09 02:29,,,,,28557.08,50000.0,,Stable,Normal,53.9,0.0,14.6,21.5,0.0,5.26,127290.0,https://www.screener.in/company/BOSCHLTD/consolidated/,3.56,17.04,70.54,3.56,3.68,4.1,5.96,17.04,17.28,17.19,15.8,1,0,-2.4,1.24,Selling (-2.4% over 4Q),Stable/Reducing,32840.64,26272.51,29556.58,22988.45,OVERVALUED +nan%,52W Low Buffer: ₹32840.64,52.7,B,133,30.0,60.8,45.0,72.0,227,103,130,24,done,85.5,2026-10-09 02:51
CAMPUS.NS,Campus Activewear Limited,Miscellaneous,22.0,2026-10-09 02:39,199.0,-9.04,-13.41,-10.45,199.0,283.46,0.0,Falling,Normal,44.8,0.0,29.5,31.8,0.0,67.93,6083.0,https://www.screener.in/company/CAMPUS/consolidated/,9.25,4.82,73.89,9.25,5.94,5.22,5.94,4.82,7.07,7.79,9.44,0,0,3.31,-4.62,Buying (+3.3% over 4Q),Stable/Reducing,228.85,183.08,205.97,160.19,WATCH,PE Mean Reversion: ₹97.72 | 52W Low Buffer: ₹228.85,52.7,B,133,30.0,96.0,18.799999999999997,50.4,227,1,319,255,done,85.5,2026-10-09 02:51
ADVENTHTL.NS,Advent Hotels International Limited,Hotels,35.0,2026-10-09 02:50,,,,,120.9,328.65,,Stable,Normal,13.2,0.0,4.65,6.84,0.0,0.0,639.0,https://www.screener.in/company/ADVENTHTL/consolidated/,5.29,0.6,47.41,5.29,2.92,3.26,2.36,0.6,0.53,0.42,0.41,0,1,2.93,0.19,Buying (+2.9% over 4Q),Accumulating (+0.2% over 4Q),139.03,111.23,125.13,97.32,OVERVALUED +nan%,52W Low Buffer: ₹139.03,52.6,B,135,70.0,39.5,45.0,56.8,16,248,130,178,done,95.5,2026-10-09 02:51
APOLLOTYRE.NS,Apollo Tyres Limited,Automobiles,20.0,2026-10-09 02:32,,,,,369.69,530.15,,Stable,Normal,12.0,0.0,13.1,13.9,0.0,2.94,25512.0,https://www.screener.in/company/APOLLOTYRE/consolidated/,22.1,17.74,37.34,22.1,17.96,18.16,14.46,17.74,22.02,21.99,25.12,0,0,7.64,-7.38,Buying (+7.6% over 4Q),Stable/Reducing,425.14,340.11,382.63,297.6,OVERVALUED +nan%,52W Low Buffer: ₹425.14,52.6,B,135,70.0,54.2,45.0,39.2,16,151,130,324,done,95.5,2026-10-09 02:51
CARERATING.NS,CARE Ratings Limited,Miscellaneous,22.0,2026-10-09 02:40,1542.3,-10.81,-6.45,2.92,1400.72,1785.38,10.11,Stable,Normal,26.2,0.0,19.7,26.3,0.0,3.81,4647.0,https://www.screener.in/company/CARERATING/consolidated/,20.9,23.72,0.0,20.9,21.67,22.91,23.37,23.72,26.32,26.89,26.15,1,0,-2.47,-2.43,Selling (-2.5% over 4Q),Stable/Reducing,1610.83,1288.66,1449.75,1127.58,FAIR VALUE,PE Mean Reversion: ₹1295.06 | 52W Low Buffer: ₹1610.83,52.6,B,135,46.4,71.5,37.0,48.4,152,60,277,284,done,89.6,2026-10-09 02:51
APOLLO.NS,Apollo Micro Systems Limited,IT,28.0,2026-10-09 02:35,395.15,-2.12,-1.48,108.66,182.05,449.77,117.06,Stable,Rising,121.0,0.0,11.8,14.5,0.0,13.05,14684.0,https://www.screener.in/company/APOLLO/consolidated/,5.27,3.31,52.67,5.27,11.01,11.14,7.42,3.31,0.01,0.01,0.0,0,1,-2.15,3.31,Stable,Accumulating (+3.3% over 4Q),209.36,167.49,188.42,146.55,OVERVALUED +88.7%,PE Mean Reversion: ₹91.44 | 52W Low Buffer: ₹209.36,52.5,B,138,16.0,54.699999999999996,67.5,74.4,323,146,48,21,done,82.0,2026-10-09 02:51
ASHOKLEY.NS,Ashok Leyland Limited,Miscellaneous,22.0,2026-10-09 02:29,145.02,-14.69,-11.66,-9.56,131.36,208.37,10.4,Falling,Normal,22.9,0.0,27.4,13.6,0.0,2.41,85183.0,https://www.screener.in/company/ASHOKLEY/consolidated/,20.21,16.51,51.53,20.21,20.48,21.45,22.03,16.51,14.66,12.23,14.12,1,0,-1.82,2.39,Selling (-1.8% over 4Q),Stable/Reducing,151.06,120.85,135.96,105.74,FAIR VALUE,PE Mean Reversion: ₹139.32 | 52W Low Buffer: ₹151.06,52.4,B,139,46.4,64.80000000000001,24.0,66.39999999999999,152,96,307,63,done,89.6,2026-10-09 02:51
AWHCL.NS,Antony Waste Handling Cell Limited,Miscellaneous,22.0,2026-10-09 02:49,,,,,345.5,592.34,,Stable,Rising,16.5,0.0,10.9,11.2,0.0,1.33,963.0,https://www.screener.in/company/AWHCL/consolidated/,13.77,6.1,46.23,13.77,12.39,11.94,10.79,6.1,6.08,6.61,5.14,0,0,2.98,0.96,Buying (+3.0% over 4Q),Stable/Reducing,397.32,317.86,357.59,278.13,OVERVALUED +nan%,52W Low Buffer: ₹397.32,52.3,B,140,62.0,48.8,50.0,48.8,60,179,64,269,done,93.5,2026-10-09 02:51
COCHINSHIP.NS,Cochin Shipyard Limited,Defence,40.0,2026-10-09 02:32,1200.0,-20.25,-16.9,-4.41,1191.76,1813.81,0.69,Falling,Rising,46.4,0.0,12.5,16.2,0.0,0.5,31570.0,https://www.screener.in/company/COCHINSHIP/consolidated/,5.82,2.24,72.86,5.82,4.11,5.23,4.94,2.24,2.2,2.45,2.5,0,0,0.88,-0.26,Buying (+0.9% over 4Q),Stable/Reducing,1370.52,1096.42,1233.47,959.37,WATCH,PE Mean Reversion: ₹1034.48 | 52W Low Buffer: ₹1370.52,52.2,B,141,52.0,60.8,29.0,60.8,98,103,300,107,done,91.0,2026-10-09 02:51
BIRLACORPN.NS,Birla Corporation Limited,Miscellaneous,22.0,2026-10-09 02:39,,,,,772.36,1201.48,,Stable,Normal,11.0,0.0,7.83,9.78,0.0,1.99,6121.0,https://www.screener.in/company/BIRLACORPN/consolidated/,6.58,16.0,62.9,6.58,6.45,6.79,5.99,16.0,16.17,15.6,16.26,0,0,0.59,-0.26,Buying (+0.6% over 4Q),Stable/Reducing,888.21,710.57,799.39,621.75,OVERVALUED +nan%,52W Low Buffer: ₹888.21,52.2,B,141,70.0,39.5,45.0,55.199999999999996,16,248,130,188,done,95.5,2026-10-09 02:51
AGIIL.NS,Agi Infra Limited,Real Estate,30.0,2026-10-09 02:42,250.05,-9.71,-27.51,-15.04,234.83,418.84,6.48,Falling,Normal,30.5,0.0,25.0,20.2,0.0,1.42,3126.0,https://www.screener.in/company/AGIIL/consolidated/,0.0,0.0,72.95,0.0,0.0,0.0,0.0,0.0,0.0,0.0,0.0,0,0,0.0,0.0,No data,No data,270.05,216.04,243.05,189.04,FAIR VALUE,PE Mean Reversion: ₹245.95 | 52W Low Buffer: ₹270.05,52.2,B,141,52.0,71.5,12.7,60.8,98,60,331,107,done,91.0,2026-10-09 02:51
BHARATRAS.NS,Bharat Rasayan Limited,Miscellaneous,22.0,2026-10-09 02:45,966.8,-16.69,-27.72,-23.16,966.8,2940.73,0.0,Falling,Rising,11.0,0.0,12.2,16.0,0.0,-2.98,1607.0,https://www.screener.in/company/BHARATRAS/consolidated/,0.35,2.57,74.99,0.35,0.34,0.34,0.35,2.57,2.57,2.57,2.59,0,0,0.0,-0.02,Stable,Stable/Reducing,1933.6,1546.88,1740.24,1353.52,STRONG BUY,PE Mean Reversion: ₹1933.6 | 52W Low Buffer: ₹1111.82,52.1,B,144,70.0,56.2,12.5,60.8,16,135,336,107,done,95.5,2026-10-09 02:51
ACI.NS,Archean Chemical Industries Limited,Chemicals,25.0,2026-10-09 02:40,,,,,455.25,658.44,,Stable,Normal,58.9,0.0,5.42,7.41,0.0,3.24,5706.0,https://www.screener.in/company/ACI/consolidated/,2.92,30.38,53.6,2.92,4.15,5.86,9.53,30.38,28.69,27.13,21.04,1,1,-6.61,9.34,Selling (-6.6% over 4Q),Accumulating (+9.3% over 4Q),523.54,418.83,471.18,366.48,OVERVALUED +nan%,52W Low Buffer: ₹523.54,52.0,B,145,30.0,39.5,45.0,94.39999999999999,227,248,130,2,done,85.5,2026-10-09 02:51
ADANIPOWER.NS,Adani Power Limited,Power,18.0,2026-10-09 02:28,188.0,-8.06,-13.79,22.14,132.96,248.91,41.4,Falling,Normal,25.4,0.0,21.1,17.2,0.0,8.83,362552.0,https://www.screener.in/company/ADANIPOWER/consolidated/,15.86,1.18,71.75,15.86,15.91,14.73,12.66,1.18,1.41,1.42,1.52,0,0,3.2,-0.34,Buying (+3.2% over 4Q),Stable/Reducing,152.9,122.32,137.61,107.03,OVERVALUED +23.0%,PE Mean Reversion: ₹133.23 | 52W Low Buffer: ₹152.9,52.0,B,145,25.8,72.0,48.5,56.8,296,57,117,178,done,84.45,2026-10-09 02:51
AADHARHFC.NS,Aadhar Housing Finance Limited,Finance,18.0,2026-10-09 02:34,,,,,432.5,556.5,,Stable,Normal,17.1,0.0,15.9,11.4,0.0,0.0,19752.0,https://www.screener.in/company/AADHARHFC/consolidated/,4.18,8.5,76.48,4.18,4.32,4.3,5.32,8.5,9.46,9.27,8.58,0,0,-1.14,-0.08,Stable,Stable/Reducing,497.37,397.9,447.64,348.16,OVERVALUED +nan%,52W Low Buffer: ₹497.37,52.0,B,145,46.0,54.2,45.0,60.8,154,151,130,107,done,89.5,2026-10-09 02:51
AXISCADES.NS,AXISCADES Technologies Limited,IT,28.0,2026-10-09 02:38,2077.6,16.85,35.0,42.33,1101.2,2307.3,88.67,Rising,Rising,269.0,0.0,11.5,15.4,0.0,-19.41,8837.0,https://www.screener.in/company/AXISCADES/consolidated/,0.08,0.0,65.74,0.08,0.31,0.38,0.34,0.0,0.16,8.56,4.54,0,0,-0.26,-4.54,Stable,Stable/Reducing,1266.38,1013.1,1139.74,886.47,OVERVALUED +64.1%,PE Mean Reversion: ₹216.26 | 52W Low Buffer: ₹1266.38,51.8,B,148,16.0,47.300000000000004,100.0,54.400000000000006,323,213,1,222,done,82.0,2026-10-09 02:51
CONTROLPR.NS,Control Print Limited,Miscellaneous,22.0,2026-10-09 02:48,,,,,519.63,791.5,,Stable,Normal,25.2,0.0,9.52,16.4,0.0,0.83,981.0,https://www.screener.in/company/CONTROLPR/consolidated/,4.68,4.11,52.68,4.68,4.59,4.51,4.34,4.11,2.16,1.75,1.73,0,1,0.34,2.38,Buying (+0.3% over 4Q),Accumulating (+2.4% over 4Q),597.57,478.06,537.82,418.3,OVERVALUED +nan%,52W Low Buffer: ₹597.57,51.8,B,148,38.0,55.5,45.0,66.39999999999999,194,138,130,63,done,87.5,2026-10-09 02:51
ACUTAAS.NS,Acutaas Chemicals Limited,Chemicals,25.0,2026-10-09 02:33,3056.7,-3.85,-9.79,20.2,1400.45,3692.04,118.27,Stable,Normal,64.8,0.0,24.0,31.6,0.0,9.19,25026.0,https://www.screener.in/company/ACUTAAS/consolidated/,7.15,5.95,38.93,7.15,11.66,8.98,12.93,5.95,7.58,6.8,14.81,0,0,-5.78,-8.86,Stable,Stable/Reducing,1610.52,1288.41,1449.47,1127.36,OVERVALUED +89.8%,PE Mean Reversion: ₹1179.28 | 52W Low Buffer: ₹1610.52,51.7,B,150,16.0,86.7,54.5,43.2,323,8,56,309,done,82.0,2026-10-09 02:51
ASIANENE.NS,Asian Energy Services Limited,Power,18.0,2026-10-09 02:43,,,,,233.36,552.15,,Stable,Normal,34.6,0.0,12.8,16.3,0.0,19.72,2236.0,https://www.screener.in/company/ASIANENE/consolidated/,0.05,0.0,63.07,0.05,3.95,4.27,3.15,0.0,0.0,0.0,0.0,0,0,-3.1,0.0,Stable,No data,268.36,214.69,241.53,187.85,OVERVALUED +nan%,52W Low Buffer: ₹268.36,51.7,B,150,30.0,71.3,45.0,55.199999999999996,227,72,130,188,done,85.5,2026-10-09 02:51
CELLO.NS,Cello World Limited,Miscellaneous,22.0,2026-10-09 02:38,,,,,320.3,657.69,,Stable,Rising,26.7,0.0,13.2,17.4,0.0,-0.13,8473.0,https://www.screener.in/company/CELLO/consolidated/,3.02,12.75,78.06,3.02,4.43,5.88,7.7,12.75,12.44,12.08,13.57,1,0,-4.68,-0.82,Selling (-4.7% over 4Q),Stable/Reducing,368.34,294.68,331.51,257.84,OVERVALUED +nan%,52W Low Buffer: ₹368.34,51.6,B,152,30.0,56.2,50.0,68.8,227,135,64,46,done,85.5,2026-10-09 02:51
CCL.NS,CCL Products (India) Limited,Miscellaneous,22.0,2026-10-09 02:36,,,,,824.72,1226.28,,Stable,Normal,32.4,0.0,18.0,15.8,0.0,3.25,14028.0,https://www.screener.in/company/CCL/consolidated/,7.77,21.44,46.26,7.77,8.12,9.76,10.17,21.44,21.73,20.57,21.01,1,0,-2.4,0.43,Selling (-2.4% over 4Q),Stable/Reducing,948.43,758.74,853.59,663.9,OVERVALUED +nan%,52W Low Buffer: ₹948.43,51.6,B,152,30.0,66.2,45.0,60.8,227,78,130,107,done,85.5,2026-10-09 02:51
BERGEPAINT.NS,Berger Paints (I) Limited,Miscellaneous,22.0,2026-10-09 02:30,467.95,-3.42,-7.32,13.71,401.47,585.68,16.56,Stable,Normal,44.4,0.0,17.3,21.6,0.0,3.22,54563.0,https://www.screener.in/company/BERGEPAINT/consolidated/,10.89,4.06,75.0,10.89,10.68,10.66,7.51,4.06,4.67,5.17,7.57,0,0,3.38,-3.51,Buying (+3.4% over 4Q),Stable/Reducing,461.69,369.35,415.52,323.18,OVERVALUED +1.4%,PE Mean Reversion: ₹231.87 | 52W Low Buffer: ₹461.69,51.6,B,152,38.4,66.2,47.5,50.4,182,78,124,255,done,87.6,2026-10-09 02:51
BBOX.NS,Black Box Limited,Miscellaneous,22.0,2026-10-09 02:35,856.55,10.63,-10.21,85.81,446.54,1076.74,91.82,Falling,Rising,53.2,0.0,25.7,21.6,0.0,5.25,15212.0,https://www.screener.in/company/BBOX/consolidated/,4.92,0.01,71.14,4.92,4.83,4.81,4.71,0.01,0.01,0.01,0.01,0,0,0.21,0.0,Buying (+0.2% over 4Q),Stable/Reducing,513.52,410.82,462.17,359.46,OVERVALUED +66.8%,PE Mean Reversion: ₹354.21 | 52W Low Buffer: ₹513.52,51.4,B,155,16.0,71.5,53.5,60.8,323,60,63,107,done,82.0,2026-10-09 02:51
AYMSYNTEX.NS,AYM Syntex Limited,Miscellaneous,22.0,2026-10-09 02:45,,,,,148.08,320.1,,Stable,Normal,85.1,0.0,1.13,5.37,0.0,1.83,1598.0,https://www.screener.in/company/AYMSYNTEX/consolidated/,0.09,0.15,73.59,0.09,0.09,0.1,0.11,0.15,0.15,0.13,0.07,1,1,-0.02,0.08,Selling (-0.0% over 4Q),Accumulating (+0.1% over 4Q),170.29,136.23,153.26,119.2,OVERVALUED +nan%,52W Low Buffer: ₹170.29,51.4,B,155,30.0,39.5,45.0,92.0,227,248,130,4,done,85.5,2026-10-09 02:51
ALLCARGO.NS,Allcargo Logistics Limited,Logistics,22.0,2026-10-09 02:46,9.99,-21.15,24.41,33.2,7.18,35.59,39.14,Rising,Normal,32.5,0.0,0.88,4.83,0.0,2.67,1496.0,https://www.screener.in/company/ALLCARGO/consolidated/,10.87,2.97,69.91,10.87,10.95,10.79,10.77,2.97,2.91,2.83,2.84,0,0,0.1,0.13,Buying (+0.1% over 4Q),Stable/Reducing,8.26,6.61,7.43,5.78,OVERVALUED +21.0%,PE Mean Reversion: ₹6.76 | 52W Low Buffer: ₹8.26,51.3,B,157,25.8,35.5,91.19999999999999,64.0,296,273,8,80,done,84.45,2026-10-09 02:51
ASTRAL.NS,Astral Limited,Miscellaneous,22.0,2026-10-09 02:31,,,,,1315.03,1743.56,,Stable,Normal,63.9,0.0,13.8,19.2,0.0,3.29,37839.0,https://www.screener.in/company/ASTRAL/consolidated/,18.5,13.21,55.85,18.5,19.79,21.22,22.48,13.21,13.66,12.85,12.45,1,0,-3.98,0.76,Selling (-4.0% over 4Q),Stable/Reducing,1512.28,1209.83,1361.06,1058.6,OVERVALUED +nan%,52W Low Buffer: ₹1512.28,51.3,B,157,30.0,60.8,45.0,66.39999999999999,227,103,130,63,done,85.5,2026-10-09 02:51
ALKEM.NS,Alkem Laboratories Limited,Miscellaneous,22.0,2026-10-09 02:30,,,,,5087.5,5832.46,,Stable,Rising,27.6,0.0,18.9,21.2,0.0,2.51,62766.0,https://www.screener.in/company/ALKEM/consolidated/,6.03,17.63,56.74,6.03,8.49,9.11,8.69,17.63,15.91,15.63,18.56,0,0,-2.66,-0.93,Stable,Stable/Reducing,5850.62,4680.5,5265.56,4095.44,OVERVALUED +nan%,52W Low Buffer: ₹5850.62,51.2,B,159,30.0,66.2,50.0,55.199999999999996,227,78,64,188,done,85.5,2026-10-09 02:51
BOROSCI.NS,Borosil Scientific Limited,Miscellaneous,22.0,2026-10-09 02:49,,,,,100.97,173.52,,Stable,Normal,21.6,0.0,9.51,12.1,0.0,3.46,962.0,https://www.screener.in/company/BOROSCI/consolidated/,0.38,0.15,67.92,0.38,0.37,0.27,0.24,0.15,0.01,0.02,0.02,0,0,0.14,0.13,Buying (+0.1% over 4Q),Stable/Reducing,116.12,92.89,104.5,81.28,OVERVALUED +nan%,52W Low Buffer: ₹116.12,51.1,B,160,46.0,48.8,45.0,64.0,154,179,130,80,done,89.5,2026-10-09 02:51
BIRLACABLE.NS,Birla Cable Limited,Miscellaneous,22.0,2026-10-09 02:48,,,,,103.64,409.5,,Stable,Rising,23.8,0.0,6.26,8.96,0.0,11.67,1101.0,https://www.screener.in/company/BIRLACABLE/consolidated/,0.01,0.09,66.35,0.01,0.0,0.34,0.03,0.09,0.01,0.01,0.01,0,1,-0.02,0.08,Stable,Accumulating (+0.1% over 4Q),119.19,95.35,107.27,83.43,OVERVALUED +nan%,52W Low Buffer: ₹119.19,51.1,B,160,38.0,45.300000000000004,50.0,72.0,194,218,64,24,done,87.5,2026-10-09 02:51
BIRLAMONEY.NS,Aditya Birla Money Limited,Miscellaneous,22.0,2026-10-09 02:50,,,,,96.73,175.85,,Stable,Normal,67.2,0.0,26.0,12.4,0.0,4.88,639.0,https://www.screener.in/company/BIRLAMONEY/consolidated/,0.07,0.0,73.53,0.07,0.0,0.03,0.91,0.0,0.0,0.0,0.0,0,0,-0.84,0.0,Stable,No data,111.24,88.99,100.12,77.87,OVERVALUED +nan%,52W Low Buffer: ₹111.24,51.1,B,160,30.0,64.80000000000001,45.0,60.8,227,96,130,107,done,85.5,2026-10-09 02:51
BASF.NS,BASF India Limited,Miscellaneous,22.0,2026-10-09 02:36,,,,,3142.26,4635.41,,Stable,Normal,23.5,0.0,10.9,14.5,0.0,7.25,14487.0,https://www.screener.in/company/BASF/consolidated/,3.18,6.77,73.33,3.18,3.81,4.12,4.35,6.77,6.63,6.67,5.97,1,0,-1.17,0.8,Selling (-1.2% over 4Q),Stable/Reducing,3613.6,2890.88,3252.24,2529.52,OVERVALUED +nan%,52W Low Buffer: ₹3613.6,51.1,B,160,38.0,48.8,45.0,72.0,194,179,130,24,done,87.5,2026-10-09 02:51
ASIANPAINT.NS,Asian Paints Limited,Miscellaneous,22.0,2026-10-09 02:28,2311.6,-7.57,-15.37,5.63,2103.05,2942.97,9.92,Falling,Normal,45.5,0.0,21.8,26.3,0.0,4.5,221728.0,https://www.screener.in/company/ASIANPAINT/consolidated/,17.65,10.01,52.63,17.65,17.32,15.89,15.27,10.01,10.52,11.61,12.3,0,0,2.38,-2.29,Buying (+2.4% over 4Q),Stable/Reducing,2418.51,1934.81,2176.66,1692.96,FAIR VALUE,PE Mean Reversion: ₹1117.7 | 52W Low Buffer: ₹2418.51,50.9,B,164,44.0,71.5,36.2,44.800000000000004,166,60,283,292,done,89.0,2026-10-09 02:51
BAJFINANCE.NS,Bajaj Finance Limited,Finance,18.0,2026-10-09 02:27,955.95,-9.82,-8.3,13.99,796.65,1158.8,20.0,Stable,Normal,29.1,0.0,18.2,10.9,0.0,0.0,595170.0,https://www.screener.in/company/BAJFINANCE/consolidated/,20.41,13.05,55.87,20.41,20.92,20.55,21.08,13.05,14.01,14.33,14.23,0,0,-0.67,-1.18,Stable,Stable/Reducing,916.15,732.92,824.53,641.3,OVERVALUED +4.3%,PE Mean Reversion: ₹591.31 | 52W Low Buffer: ₹916.15,50.8,B,165,38.4,59.5,47.5,55.199999999999996,182,128,124,188,done,87.6,2026-10-09 02:51
ASTRAMICRO.NS,Astra Microwave Products Limited,Miscellaneous,22.0,2026-10-09 02:35,1630.8,-4.59,-8.37,85.75,854.49,1858.97,90.85,Stable,Normal,81.9,0.0,16.0,20.3,0.0,-1.98,15484.0,https://www.screener.in/company/ASTRAMICRO/consolidated/,1.73,15.26,6.54,1.73,2.94,3.17,4.67,15.26,14.79,13.59,13.57,1,1,-2.94,1.69,Selling (-2.9% over 4Q),Accumulating (+1.7% over 4Q),982.66,786.13,884.4,687.86,OVERVALUED +66.0%,PE Mean Reversion: ₹438.07 | 52W Low Buffer: ₹982.66,50.8,B,165,16.0,61.5,54.5,69.6,323,100,56,45,done,82.0,2026-10-09 02:51
APLAPOLLO.NS,APL Apollo Tubes Limited,Miscellaneous,22.0,2026-10-09 02:30,,,,,1691.88,2272.05,,Stable,Normal,46.1,0.0,25.4,31.8,0.0,-0.06,56642.0,https://www.screener.in/company/APLAPOLLO/consolidated/,28.66,12.69,29.67,28.66,29.25,30.69,31.55,12.69,13.75,14.06,14.9,1,0,-2.89,-2.21,Selling (-2.9% over 4Q),Stable/Reducing,1945.66,1556.53,1751.1,1361.96,OVERVALUED +nan%,52W Low Buffer: ₹1945.66,50.8,B,165,30.0,76.2,45.0,45.599999999999994,227,48,130,287,done,85.5,2026-10-09 02:51
CIEINDIA.NS,CIE Automotive India Limited,Automobiles,20.0,2026-10-09 02:36,,,,,375.0,490.2,,Stable,Normal,15.7,0.0,11.8,14.7,0.0,6.28,14099.0,https://www.screener.in/company/CIEINDIA/consolidated/,6.61,15.4,65.7,6.61,5.63,5.11,5.03,15.4,15.98,18.12,19.45,0,0,1.58,-4.05,Buying (+1.6% over 4Q),Stable/Reducing,431.25,345.0,388.12,301.87,OVERVALUED +nan%,52W Low Buffer: ₹431.25,50.7,B,168,54.0,48.8,45.0,54.400000000000006,83,179,130,222,done,91.5,2026-10-09 02:51
BLACKBUCK.NS,BLACKBUCK LIMITED,Miscellaneous,22.0,2026-10-09 02:37,587.6,0.69,3.03,0.02,500.2,733.5,17.47,Stable,Rising,62.4,0.0,12.2,12.8,0.0,9.36,10708.0,https://www.screener.in/company/BLACKBUCK/consolidated/,11.73,9.98,27.84,11.73,11.59,20.52,26.2,9.98,10.26,13.48,14.33,0,0,-14.47,-4.35,Stable,Stable/Reducing,575.23,460.18,517.71,402.66,OVERVALUED +2.2%,PE Mean Reversion: ₹207.17 | 52W Low Buffer: ₹575.23,50.7,B,168,38.4,60.0,68.5,37.599999999999994,182,125,47,331,done,87.6,2026-10-09 02:51
CESC.NS,CESC Limited,Miscellaneous,22.0,2026-10-09 02:34,128.73,-11.49,-19.92,-11.7,128.73,191.62,0.0,Falling,Rising,11.0,0.0,12.0,10.9,0.0,1.52,17064.0,https://www.screener.in/company/CESC/consolidated/,13.14,20.06,52.11,13.14,11.95,12.91,13.56,20.06,21.44,21.12,22.63,0,0,-0.42,-2.57,Stable,Stable/Reducing,257.46,205.97,231.71,180.22,STRONG BUY,PE Mean Reversion: ₹257.46 | 52W Low Buffer: ₹148.04,50.7,B,168,70.0,54.2,23.799999999999997,48.8,16,151,315,269,done,95.5,2026-10-09 02:51
ADOR.NS,Ador Welding Limited,Miscellaneous,22.0,2026-10-09 02:43,,,,,837.42,1730.3,,Stable,Normal,22.4,0.0,15.8,22.8,0.0,5.09,2586.0,https://www.screener.in/company/ADOR/consolidated/,0.13,4.02,56.9,0.13,0.3,0.1,0.06,4.02,4.43,5.74,10.21,0,0,0.07,-6.19,Buying (+0.1% over 4Q),Stable/Reducing,963.03,770.43,866.73,674.12,OVERVALUED +nan%,52W Low Buffer: ₹963.03,50.6,B,171,38.0,66.2,45.0,48.8,194,78,130,269,done,87.5,2026-10-09 02:51
AVADHSUGAR.NS,Avadh Sugar & Energy Limited,Power,18.0,2026-10-09 02:44,939.55,11.89,84.12,111.33,305.41,939.55,207.64,Rising,Normal,0.0,0.0,0.0,0.0,0.0,0.0,0.0,https://www.screener.in/company/AVADHSUGAR/consolidated/,3.88,0.31,60.39,3.88,4.18,4.13,3.74,0.31,0.85,0.98,0.98,0,0,0.14,-0.67,Buying (+0.1% over 4Q),Stable/Reducing,351.22,280.98,316.1,245.86,OVERVALUED +167.5%,52W Low Buffer: ₹351.22,50.5,B,172,36.0,31.5,91.19999999999999,55.199999999999996,212,288,8,188,done,87.0,2026-10-09 02:51
BAJAJHFL.NS,Bajaj Housing Finance Limited,Finance,18.0,2026-10-09 02:30,82.14,-2.26,-7.22,8.29,73.09,110.72,12.38,Stable,Normal,0.0,0.0,0.0,0.0,0.0,0.0,0.0,https://www.screener.in/company/BAJAJHFL/consolidated/,1.68,1.83,88.75,1.68,1.11,1.12,1.04,1.83,0.82,0.72,0.59,0,1,0.64,1.24,Buying (+0.6% over 4Q),Accumulating (+1.2% over 4Q),84.05,67.24,75.65,58.84,FAIR VALUE,52W Low Buffer: ₹84.05,50.5,B,172,58.4,31.5,42.199999999999996,72.0,75,288,264,24,done,92.6,2026-10-09 02:51
ARFIN.NS,Arfin India Limited,Miscellaneous,22.0,2026-10-09 02:44,,,,,49.38,103.06,,Stable,Rising,98.4,0.0,9.43,14.8,0.0,16.83,1814.0,https://www.screener.in/company/ARFIN/consolidated/,0.95,0.0,74.11,0.95,2.56,2.56,2.41,0.0,0.0,0.0,0.0,0,0,-1.46,0.0,Stable,No data,56.79,45.43,51.11,39.75,OVERVALUED +nan%,52W Low Buffer: ₹56.79,50.5,B,172,30.0,59.3,50.0,60.8,227,133,64,107,done,85.5,2026-10-09 02:51
ADVENZYMES.NS,Advanced Enzyme Technologies Limited,IT,28.0,2026-10-09 02:42,,,,,254.2,390.42,,Stable,Normal,18.8,0.0,10.2,14.0,0.0,0.54,2966.0,https://www.screener.in/company/ADVENZYMES/consolidated/,22.27,6.49,45.92,22.27,22.54,23.01,12.03,6.49,6.98,7.56,8.08,0,0,10.24,-1.59,Buying (+10.2% over 4Q),Stable/Reducing,292.33,233.86,263.1,204.63,OVERVALUED +nan%,52W Low Buffer: ₹292.33,50.5,B,172,62.0,48.8,45.0,45.599999999999994,60,179,130,287,done,93.5,2026-10-09 02:51
ASTEC.NS,Astec LifeSciences Limited,Pharmaceuticals,28.0,2026-10-09 02:45,,,,,521.85,918.75,,Stable,Rising,0.0,0.0,-25.2,-5.44,0.0,-1.56,1593.0,https://www.screener.in/company/ASTEC/consolidated/,1.33,10.16,66.75,1.33,1.28,1.25,1.03,10.16,9.74,7.88,3.37,0,1,0.3,6.79,Buying (+0.3% over 4Q),Accumulating (+6.8% over 4Q),600.13,480.1,540.11,420.09,OVERVALUED +nan%,52W Low Buffer: ₹600.13,50.5,B,172,50.0,26.8,50.0,80.0,103,338,64,14,done,90.5,2026-10-09 02:51
AFFLE.NS,Affle 3i Limited,IT,28.0,2026-10-09 02:34,,,,,1268.7,1967.4,,Stable,Normal,41.3,0.0,13.8,16.8,0.0,4.69,19748.0,https://www.screener.in/company/AFFLE/consolidated/,14.35,14.71,56.93,14.35,14.79,15.3,15.55,14.71,14.72,16.21,15.59,1,0,-1.2,-0.88,Selling (-1.2% over 4Q),Stable/Reducing,1459.0,1167.2,1313.1,1021.3,OVERVALUED +nan%,52W Low Buffer: ₹1459.0,50.5,B,172,30.0,60.8,45.0,63.2,227,103,130,98,done,85.5,2026-10-09 02:51
BALAMINES.NS,Balaji Amines Limited,Miscellaneous,22.0,2026-10-09 02:39,2085.5,-18.75,0.86,102.71,972.38,2566.8,114.47,Stable,Rising,33.1,0.0,8.74,11.0,0.0,7.33,6757.0,https://www.screener.in/company/BALAMINES/consolidated/,4.52,0.9,53.71,4.52,4.58,4.92,5.05,0.9,1.43,1.48,1.59,1,0,-0.53,-0.69,Selling (-0.5% over 4Q),Stable/Reducing,1386.13,1108.91,1247.52,970.29,OVERVALUED +50.5%,PE Mean Reversion: ₹1386.13 | 52W Low Buffer: ₹1118.24,50.4,B,178,16.0,48.8,80.0,63.2,323,179,29,98,done,82.0,2026-10-09 02:51
CDSL.NS,Central Depository Services (India) Limited,Miscellaneous,22.0,2026-10-09 02:32,1258.0,-11.09,-6.66,8.38,1109.28,1640.34,13.41,Stable,Normal,55.8,0.0,24.5,32.0,0.0,2.97,26292.0,https://www.screener.in/company/CDSL/consolidated/,15.25,21.8,15.0,15.25,18.16,11.38,14.0,21.8,21.33,23.15,24.92,0,0,1.25,-3.12,Buying (+1.2% over 4Q),Stable/Reducing,1275.67,1020.54,1148.1,892.97,FAIR VALUE,PE Mean Reversion: ₹495.99 | 52W Low Buffer: ₹1275.67,50.3,B,179,38.4,80.8,42.199999999999996,32.0,182,26,264,340,done,87.6,2026-10-09 02:51
ATUL.NS,Atul Limited,Miscellaneous,22.0,2026-10-09 02:34,,,,,5636.71,7073.12,,Stable,Normal,21.9,0.0,11.5,14.9,0.0,5.88,17438.0,https://www.screener.in/company/ATUL/consolidated/,7.71,26.5,45.05,7.71,8.06,8.47,8.63,26.5,26.08,25.67,25.81,1,0,-0.92,0.69,Selling (-0.9% over 4Q),Stable/Reducing,6482.22,5185.77,5833.99,4537.55,OVERVALUED +nan%,52W Low Buffer: ₹6482.22,50.3,B,179,46.0,48.8,45.0,60.8,154,179,130,107,done,89.5,2026-10-09 02:51
CRAMC.NS,Canara Robeco Asset Management Company Limited,Miscellaneous,22.0,2026-10-09 02:40,220.79,-11.42,-11.08,-3.86,215.19,345.56,2.6,Falling,Normal,0.0,0.0,0.0,0.0,0.0,0.0,0.0,https://www.screener.in/company/CRAMC/consolidated/,1.38,12.49,75.0,1.38,1.72,1.28,0.0,12.49,10.18,9.35,0.0,0,1,1.38,12.49,Buying (+1.4% over 4Q),Accumulating (+12.5% over 4Q),247.47,197.97,222.72,173.23,WATCH,52W Low Buffer: ₹247.47,50.2,B,181,64.0,31.5,24.0,80.0,53,288,307,14,done,94.0,2026-10-09 02:51
BLAL.NS,BEML Land Assets Limited,Miscellaneous,22.0,2026-10-09 02:50,156.16,-1.77,-15.19,-2.71,155.74,212.0,0.27,Falling,Normal,0.0,0.0,0.0,0.0,0.0,0.0,0.0,https://www.screener.in/company/BLAL/consolidated/,1.56,14.5,54.03,1.56,1.17,1.22,0.13,14.5,11.02,8.69,8.42,0,1,1.43,6.08,Buying (+1.4% over 4Q),Accumulating (+6.1% over 4Q),179.1,143.28,161.19,125.37,WATCH,52W Low Buffer: ₹179.1,50.2,B,181,64.0,31.5,31.0,74.4,53,288,291,21,done,94.0,2026-10-09 02:51
AURIONPRO.NS,Aurionpro Solutions Limited,IT,28.0,2026-10-09 02:42,596.55,-10.53,-29.61,-21.72,596.55,1212.78,0.0,Falling,Normal,15.7,0.0,13.2,16.3,0.0,1.49,3297.0,https://www.screener.in/company/AURIONPRO/consolidated/,4.44,0.58,30.79,4.44,6.22,6.27,12.85,0.58,0.86,0.73,1.64,1,0,-8.41,-1.06,Selling (-8.4% over 4Q),Stable/Reducing,1063.91,851.13,957.52,744.74,STRONG BUY,PE Mean Reversion: ₹1063.91 | 52W Low Buffer: ₹686.03,50.2,B,181,70.0,60.8,7.5,52.0,16,103,340,248,done,95.5,2026-10-09 02:51
DALMIASUG.NS,Dalmia Bharat Sugar and Industries Limited,Cement,25.0,2026-10-09 02:41,,,,,259.44,508.1,,Stable,Normal,16.9,0.0,7.3,8.18,0.0,-2.54,3472.0,https://www.screener.in/company/DALMIASUG/consolidated/,0.97,0.08,74.91,0.97,1.07,1.03,0.96,0.08,0.08,0.09,0.09,0,0,0.01,-0.01,Buying (+0.0% over 4Q),Stable/Reducing,298.36,238.68,268.52,208.85,OVERVALUED +nan%,52W Low Buffer: ₹298.36,50.1,B,184,62.0,34.8,45.0,60.8,60,280,130,107,done,93.5,2026-10-09 02:51
AETHER.NS,Aether Industries Limited,Chemicals,25.0,2026-10-09 02:33,,,,,732.6,1799.8,,Stable,Rising,96.5,0.0,9.66,11.9,0.0,6.12,23149.0,https://www.screener.in/company/AETHER/consolidated/,1.97,11.79,81.79,1.97,2.22,2.9,3.17,11.79,11.82,11.55,11.63,1,0,-1.2,0.16,Selling (-1.2% over 4Q),Stable/Reducing,842.49,673.99,758.24,589.74,OVERVALUED +nan%,52W Low Buffer: ₹842.49,50.1,B,184,30.0,48.8,50.0,72.0,227,179,64,24,done,85.5,2026-10-09 02:51
ARIHANTSUP.NS,Arihant Superstructures Limited,Miscellaneous,22.0,2026-10-09 02:49,,,,,192.48,431.61,,Stable,Normal,23.8,0.0,13.7,10.6,0.0,1.81,949.0,https://www.screener.in/company/ARIHANTSUP/consolidated/,0.0,0.0,74.71,0.0,0.0,0.03,0.02,0.0,0.0,0.0,0.0,0,0,-0.02,0.0,Stable,No data,221.35,177.08,199.22,154.95,OVERVALUED +nan%,52W Low Buffer: ₹221.35,50.0,B,186,38.0,54.2,45.0,60.8,194,151,130,107,done,87.5,2026-10-09 02:51
AUTOAXLES.NS,Automotive Axles Limited,Automobiles,20.0,2026-10-09 02:43,1608.8,-3.47,-9.2,3.24,1520.63,2073.21,5.8,Stable,Normal,0.0,0.0,0.0,0.0,0.0,0.0,0.0,https://www.screener.in/company/AUTOAXLES/consolidated/,0.67,12.0,71.04,0.67,0.63,0.51,0.58,12.0,11.96,11.97,11.51,0,0,0.09,0.49,Buying (+0.1% over 4Q),Stable/Reducing,1748.72,1398.98,1573.85,1224.11,FAIR VALUE,52W Low Buffer: ₹1748.72,49.9,B,187,64.0,31.5,42.199999999999996,64.0,53,288,264,80,done,94.0,2026-10-09 02:51
CAPACITE.NS,Capacit'e Infraprojects Limited,Real Estate,30.0,2026-10-09 02:46,177.19,-13.9,-26.31,-16.69,177.19,306.95,0.0,Falling,Normal,8.09,0.0,10.4,15.5,0.0,1.49,1499.0,https://www.screener.in/company/CAPACITE/consolidated/,8.13,8.26,35.66,8.13,7.26,11.12,14.43,8.26,5.51,7.82,7.75,0,0,-6.3,0.51,Stable,Stable/Reducing,657.07,525.66,591.36,459.95,STRONG BUY,PE Mean Reversion: ₹657.07 | 52W Low Buffer: ₹203.77,49.9,B,187,70.0,55.5,12.7,52.800000000000004,16,138,331,239,done,95.5,2026-10-09 02:51
BLUEDART.NS,Blue Dart Express Limited,Logistics,22.0,2026-10-09 02:37,,,,,4496.8,6659.36,,Stable,Normal,33.4,0.0,15.7,15.8,0.0,3.52,10814.0,https://www.screener.in/company/BLUEDART/consolidated/,4.73,11.76,75.0,4.73,5.29,5.4,5.37,11.76,11.76,11.73,12.65,0,0,-0.64,-0.89,Stable,Stable/Reducing,5171.32,4137.06,4654.19,3619.92,OVERVALUED +nan%,52W Low Buffer: ₹5171.32,49.9,B,187,30.0,60.8,45.0,60.8,227,103,130,107,done,85.5,2026-10-09 02:51
BIKAJI.NS,Bikaji Foods International Limited,FMCG,45.0,2026-10-09 02:37,468.65,-19.23,-26.95,-23.9,468.65,757.97,0.0,Falling,Rising,44.9,0.0,17.5,19.8,0.0,2.71,11751.0,https://www.screener.in/company/BIKAJI/consolidated/,7.02,13.55,75.21,7.02,6.89,7.66,7.51,13.55,13.96,13.51,13.32,0,0,-0.49,0.23,Stable,Stable/Reducing,538.95,431.16,485.05,377.26,WATCH,PE Mean Reversion: ₹469.69 | 52W Low Buffer: ₹538.95,49.9,B,187,46.0,66.2,12.5,64.0,154,78,336,80,done,89.5,2026-10-09 02:51
63MOONS.NS,63 moons technologies limited,IT,28.0,2026-10-09 02:41,,,,,469.21,929.24,,Stable,Normal,0.0,0.0,-1.98,-3.7,0.0,50.0,3509.0,https://www.screener.in/company/63MOONS/consolidated/,8.02,0.12,45.63,8.02,6.49,4.35,4.12,0.12,0.12,0.12,0.09,0,1,3.9,0.03,Buying (+3.9% over 4Q),Accumulating (+0.0% over 4Q),539.59,431.67,485.63,377.71,OVERVALUED +nan%,52W Low Buffer: ₹539.59,49.7,B,191,50.0,46.7,45.0,56.8,103,214,130,178,done,90.5,2026-10-09 02:51
CYIENT.NS,Cyient Limited,IT,28.0,2026-10-09 02:37,1084.7,-1.87,27.9,38.22,752.85,1208.1,44.08,Rising,Normal,29.6,0.0,8.61,12.3,0.0,5.01,12057.0,https://www.screener.in/company/CYIENT/consolidated/,34.11,22.69,23.2,34.11,31.04,29.47,28.39,22.69,25.91,27.08,29.72,0,0,5.72,-7.03,Buying (+5.7% over 4Q),Stable/Reducing,1026.07,820.85,923.46,718.25,OVERVALUED +5.7%,PE Mean Reversion: ₹1026.07 | 52W Low Buffer: ₹865.78,49.7,B,191,33.8,48.8,91.19999999999999,33.6,216,179,8,337,done,86.45,2026-10-09 02:51
ABCAPITAL.NS,Aditya Birla Capital Limited,Finance,18.0,2026-10-09 02:29,368.65,-8.58,-9.07,20.57,292.25,424.7,26.14,Stable,Normal,25.1,0.0,12.0,8.72,0.0,0.0,100931.0,https://www.screener.in/company/ABCAPITAL/consolidated/,10.46,8.24,69.0,10.46,9.77,10.92,10.12,8.24,8.37,7.55,8.12,0,0,0.34,0.12,Buying (+0.3% over 4Q),Stable/Reducing,336.09,268.87,302.48,235.26,OVERVALUED +9.7%,PE Mean Reversion: ₹264.37 | 52W Low Buffer: ₹336.09,49.7,B,191,32.8,48.8,54.5,64.0,218,179,56,80,done,86.2,2026-10-09 02:51
BATAINDIA.NS,Bata India Limited,Miscellaneous,22.0,2026-10-09 02:38,603.35,-9.87,-7.75,0.01,579.78,1146.2,4.06,Stable,Normal,44.6,0.0,10.6,12.7,0.0,1.05,7755.0,https://www.screener.in/company/BATAINDIA/consolidated/,7.51,29.97,50.16,7.51,7.88,8.24,7.63,29.97,29.69,28.31,27.52,0,1,-0.12,2.45,Stable,Accumulating (+2.5% over 4Q),666.75,533.4,600.07,466.72,FAIR VALUE,PE Mean Reversion: ₹297.62 | 52W Low Buffer: ₹666.75,49.6,B,194,44.0,48.8,37.0,66.39999999999999,166,179,277,63,done,89.0,2026-10-09 02:51
CENTENKA.NS,Century Enka Limited,Miscellaneous,22.0,2026-10-09 02:47,,,,,365.77,616.65,,Stable,Normal,8.17,0.0,6.14,8.23,0.0,8.97,1214.0,https://www.screener.in/company/CENTENKA/consolidated/,3.35,5.11,24.86,3.35,2.95,2.91,3.44,5.11,6.27,6.27,9.62,0,0,-0.09,-4.51,Stable,Stable/Reducing,420.64,336.51,378.57,294.44,OVERVALUED +nan%,52W Low Buffer: ₹420.64,49.5,B,195,70.0,45.300000000000004,45.0,37.599999999999994,16,218,130,331,done,95.5,2026-10-09 02:51
CENTUM.NS,Centum Electronics Limited,Defence,40.0,2026-10-09 02:39,,,,,2089.56,4920.7,,Stable,Rising,69.9,0.0,-12.5,25.5,0.0,11.12,6115.0,https://www.screener.in/company/CENTUM/consolidated/,0.48,7.93,58.8,0.48,0.38,0.37,0.37,7.93,7.25,7.69,8.13,0,0,0.11,-0.2,Buying (+0.1% over 4Q),Stable/Reducing,2402.99,1922.4,2162.69,1682.1,OVERVALUED +nan%,52W Low Buffer: ₹2402.99,49.3,B,196,30.0,60.0,50.0,55.199999999999996,227,125,64,188,done,85.5,2026-10-09 02:51
DABUR.NS,Dabur India Limited,Miscellaneous,22.0,2026-10-09 02:30,376.8,0.35,-15.83,-9.04,371.55,518.62,1.41,Falling,Rising,33.7,0.0,17.0,20.3,0.0,2.72,66843.0,https://www.screener.in/company/DABUR/consolidated/,18.37,9.78,66.24,18.37,16.49,15.82,14.99,9.78,11.66,12.46,13.45,0,0,3.38,-3.67,Buying (+3.4% over 4Q),Stable/Reducing,427.28,341.83,384.55,299.1,WATCH,PE Mean Reversion: ₹245.98 | 52W Low Buffer: ₹427.28,49.3,B,196,44.0,66.2,29.0,50.4,166,78,300,255,done,89.0,2026-10-09 02:51
ANUHPHR.NS,Anuh Pharma Limited,Pharmaceuticals,28.0,2026-10-09 02:49,,,,,65.75,96.74,,Stable,Rising,0.0,0.0,0.0,0.0,0.0,0.0,0.0,https://www.screener.in/company/ANUHPHR/consolidated/,0.0,0.0,70.59,0.0,0.0,0.03,0.03,0.0,0.0,0.1,0.0,1,0,-0.03,0.0,Selling (-0.0% over 4Q),Stable/Reducing,75.61,60.49,68.05,52.93,OVERVALUED +nan%,52W Low Buffer: ₹75.61,49.2,B,198,50.0,31.5,50.0,68.8,103,288,64,46,done,90.5,2026-10-09 02:51
BELRISE.NS,Belrise Industries Limited,Automobiles,20.0,2026-10-09 02:33,234.8,2.2,2.35,23.98,144.76,260.72,62.2,Stable,Normal,44.5,0.0,12.6,14.5,0.0,2.99,22709.0,https://www.screener.in/company/BELRISE/consolidated/,6.78,7.12,73.01,6.78,7.67,8.9,8.86,7.12,4.0,9.27,10.16,0,0,-2.08,-3.04,Stable,Stable/Reducing,166.47,133.18,149.83,116.53,OVERVALUED +41.0%,PE Mean Reversion: ₹105.53 | 52W Low Buffer: ₹166.47,49.2,B,198,20.2,54.2,71.2,54.400000000000006,314,151,40,222,done,83.05,2026-10-09 02:51
CHOICEIN.NS,Choice International Limited,Miscellaneous,22.0,2026-10-09 02:35,,,,,583.95,850.3,,Stable,Normal,69.4,0.0,16.1,17.9,0.0,5.01,15832.0,https://www.screener.in/company/CHOICEIN/consolidated/,15.44,0.04,56.27,15.44,13.58,12.44,12.22,0.04,0.05,0.06,0.07,0,0,3.22,-0.03,Buying (+3.2% over 4Q),Stable/Reducing,671.54,537.23,604.39,470.08,OVERVALUED +nan%,52W Low Buffer: ₹671.54,49.2,B,198,30.0,66.2,45.0,51.2,227,78,130,249,done,85.5,2026-10-09 02:51
CHEMCON.NS,Chemcon Speciality Chemicals Limited,Chemicals,25.0,2026-10-09 02:49,,,,,121.89,267.3,,Stable,Rising,0.0,0.0,0.0,0.0,0.0,0.0,0.0,https://www.screener.in/company/CHEMCON/consolidated/,0.01,0.27,74.47,0.01,0.05,0.25,0.25,0.27,0.28,0.27,0.27,1,0,-0.24,0.0,Selling (-0.2% over 4Q),Stable/Reducing,140.17,112.14,126.16,98.12,OVERVALUED +nan%,52W Low Buffer: ₹140.17,49.2,B,198,50.0,31.5,50.0,68.8,103,288,64,46,done,90.5,2026-10-09 02:51
BAYERCROP.NS,Bayer Cropscience Limited,Chemicals,25.0,2026-10-09 02:35,3381.6,-15.19,-16.82,-23.9,3381.6,4942.01,0.0,Falling,Rising,309.0,0.0,15.8,20.1,0.0,9.0,15198.0,https://www.screener.in/company/BAYERCROP/consolidated/,3.3,13.23,71.44,3.3,3.53,3.62,3.63,13.23,12.7,12.8,12.47,1,0,-0.33,0.76,Selling (-0.3% over 4Q),Stable/Reducing,3888.84,3111.07,3499.96,2722.19,WATCH,PE Mean Reversion: ₹273.59 | 52W Low Buffer: ₹3888.84,49.2,B,198,30.0,66.7,18.5,72.0,227,75,325,24,done,85.5,2026-10-09 02:51
CLSEL.NS,Chaman Lal Setia Exports Limited,Miscellaneous,22.0,2026-10-09 02:46,,,,,203.16,315.8,,Stable,Normal,0.0,0.0,0.0,0.0,0.0,0.0,0.0,https://www.screener.in/company/CLSEL/consolidated/,1.72,0.38,73.89,1.72,1.88,1.77,2.04,0.38,0.28,0.0,0.0,0,1,-0.32,0.38,Stable,Accumulating (+0.4% over 4Q),233.63,186.91,210.27,163.54,OVERVALUED +nan%,52W Low Buffer: ₹233.63,49.0,B,203,50.0,31.5,45.0,72.0,103,288,130,24,done,90.5,2026-10-09 02:51
ATULAUTO.NS,Atul Auto Limited,Automobiles,20.0,2026-10-09 02:48,410.35,-10.02,-16.22,3.08,379.65,577.07,8.09,Falling,Normal,23.6,0.0,9.3,11.3,0.0,8.01,1139.0,https://www.screener.in/company/ATULAUTO/consolidated/,0.46,0.41,42.74,0.46,0.49,0.48,0.59,0.41,0.41,0.41,0.41,0,0,-0.13,0.0,Stable,Stable/Reducing,436.6,349.28,392.94,305.62,FAIR VALUE,PE Mean Reversion: ₹347.75 | 52W Low Buffer: ₹436.6,49.0,B,203,52.0,54.699999999999996,36.2,49.6,98,146,283,260,done,91.0,2026-10-09 02:51
BESTAGRO.NS,Best Agrolife Limited,Miscellaneous,22.0,2026-10-09 02:50,,,,,12.23,29.95,,Stable,Normal,20.2,0.0,1.11,5.15,0.0,1.19,599.0,https://www.screener.in/company/BESTAGRO/consolidated/,9.86,2.63,50.1,9.86,8.86,8.77,8.73,2.63,2.53,2.53,2.53,0,1,1.13,0.1,Buying (+1.1% over 4Q),Accumulating (+0.1% over 4Q),14.06,11.25,12.66,9.85,OVERVALUED +nan%,52W Low Buffer: ₹14.06,49.0,B,203,46.0,39.5,45.0,66.39999999999999,154,248,130,63,done,89.5,2026-10-09 02:51
BUTTERFLY.NS,Butterfly Gandhimathi Appliances Limited,Miscellaneous,22.0,2026-10-09 02:49,,,,,543.25,780.2,,Stable,Normal,0.0,0.0,0.0,0.0,0.0,0.0,0.0,https://www.screener.in/company/BUTTERFLY/consolidated/,0.0,6.52,75.0,0.0,0.0,0.0,0.0,6.52,6.47,6.33,5.09,0,1,0.0,1.43,No data,Accumulating (+1.4% over 4Q),624.74,499.79,562.26,437.32,OVERVALUED +nan%,52W Low Buffer: ₹624.74,49.0,B,203,50.0,31.5,45.0,72.0,103,288,130,24,done,90.5,2026-10-09 02:51
BOSCH-HCIL.NS,BOSCH HOME COMFORT INDIA LIMITED,Miscellaneous,22.0,2026-10-09 02:40,,,,,1049.1,1998.2,,Stable,Normal,0.0,0.0,0.0,0.0,0.0,0.0,0.0,https://www.screener.in/company/BOSCH-HCIL/consolidated/,0.49,9.06,74.25,0.49,0.48,0.5,1.24,9.06,8.9,8.43,7.96,0,1,-0.75,1.1,Stable,Accumulating (+1.1% over 4Q),1206.46,965.17,1085.82,844.53,OVERVALUED +nan%,52W Low Buffer: ₹1206.46,49.0,B,203,50.0,31.5,45.0,72.0,103,288,130,24,done,90.5,2026-10-09 02:51
CREDITACC.NS,CREDITACCESS GRAMEEN LIMITED,Finance,18.0,2026-10-09 02:33,,,,,1134.9,1614.0,,Stable,Normal,16.8,0.0,10.5,9.98,0.0,0.0,20282.0,https://www.screener.in/company/CREDITACC/consolidated/,11.46,15.78,66.69,11.46,12.0,11.65,10.88,15.78,15.79,15.76,16.25,0,0,0.58,-0.47,Buying (+0.6% over 4Q),Stable/Reducing,1305.13,1044.11,1174.62,913.59,OVERVALUED +nan%,52W Low Buffer: ₹1305.13,48.8,B,208,46.0,43.5,45.0,60.8,154,233,130,107,done,89.5,2026-10-09 02:51
CLEANMAX.NS,Clean Max Enviro Energy Solutions Limited,IT,28.0,2026-10-09 02:35,,,,,769.7,1494.0,,Stable,Rising,101.0,0.0,1.76,6.16,0.0,22.48,15850.0,https://www.screener.in/company/CLEANMAX/consolidated/,29.8,14.75,49.48,29.8,11.21,0.0,0.0,14.75,14.67,0.0,0.0,0,1,29.8,14.75,Buying (+29.8% over 4Q),Accumulating (+14.8% over 4Q),885.15,708.12,796.64,619.61,OVERVALUED +nan%,52W Low Buffer: ₹885.15,48.7,B,209,30.0,50.0,50.0,64.80000000000001,227,175,64,78,done,85.5,2026-10-09 02:51
ATGL.NS,Adani Total Gas Limited,Miscellaneous,22.0,2026-10-09 02:30,562.2,-6.87,-20.95,6.29,467.74,808.27,20.2,Falling,Rising,97.8,0.0,14.4,15.3,0.0,6.36,61831.0,https://www.screener.in/company/ATGL/consolidated/,13.94,6.15,74.8,13.94,13.06,13.13,12.96,6.15,6.14,6.12,6.15,0,0,0.98,0.0,Buying (+1.0% over 4Q),Stable/Reducing,537.9,430.32,484.11,376.53,OVERVALUED +4.5%,PE Mean Reversion: ₹126.47 | 52W Low Buffer: ₹537.9,48.7,B,209,32.8,60.8,35.2,60.8,218,103,289,107,done,86.2,2026-10-09 02:51
BALRAMCHIN.NS,Balrampur Chini Mills Limited,Miscellaneous,22.0,2026-10-09 02:35,689.45,-3.11,20.61,38.67,397.8,767.1,73.32,Rising,Normal,39.3,0.0,9.51,9.27,0.0,1.51,14589.0,https://www.screener.in/company/BALRAMCHIN/consolidated/,14.18,22.13,42.89,14.18,10.49,11.27,12.19,22.13,21.63,20.76,22.58,0,0,1.99,-0.45,Buying (+2.0% over 4Q),Stable/Reducing,457.47,365.98,411.72,320.23,OVERVALUED +50.7%,PE Mean Reversion: ₹385.95 | 52W Low Buffer: ₹457.47,48.7,B,209,20.2,43.5,91.19999999999999,49.6,314,233,8,260,done,83.05,2026-10-09 02:51
ACMESOLAR.NS,Acme Solar Holdings Limited,Power,18.0,2026-10-09 02:32,,,,,198.78,458.65,,Stable,Normal,49.9,0.0,10.4,8.91,0.0,17.15,29717.0,https://www.screener.in/company/ACMESOLAR/consolidated/,5.54,6.97,83.41,5.54,4.74,5.76,5.57,6.97,7.09,6.61,6.39,0,0,-0.03,0.58,Stable,Stable/Reducing,228.6,182.88,205.74,160.02,OVERVALUED +nan%,52W Low Buffer: ₹228.6,48.7,B,209,30.0,54.0,45.0,64.0,227,170,130,80,done,85.5,2026-10-09 02:51
AGARIND.NS,Agarwal Industrial Corporation Limited,Miscellaneous,22.0,2026-10-09 02:51,,,,,359.68,897.86,,Stable,Normal,13.5,0.0,6.21,7.73,0.0,-9.69,552.0,https://www.screener.in/company/AGARIND/consolidated/,6.24,0.08,57.2,6.24,6.24,6.32,5.97,0.08,0.14,0.17,0.48,0,0,0.27,-0.4,Buying (+0.3% over 4Q),Stable/Reducing,413.63,330.91,372.27,289.54,OVERVALUED +nan%,52W Low Buffer: ₹413.63,48.7,B,209,62.0,34.8,45.0,55.199999999999996,60,280,130,188,done,93.5,2026-10-09 02:51
CGPOWER.NS,CG Power and Industrial Solutions Limited,IT,28.0,2026-10-09 02:28,862.05,-3.68,-5.32,29.06,529.48,976.5,62.81,Stable,Normal,107.0,0.0,20.5,26.7,0.0,3.25,135813.0,https://www.screener.in/company/CGPOWER/consolidated/,16.74,7.83,58.12,16.74,16.05,15.18,14.64,7.83,9.15,10.09,11.07,0,0,2.1,-3.24,Buying (+2.1% over 4Q),Stable/Reducing,608.9,487.12,548.01,426.23,OVERVALUED +41.6%,PE Mean Reversion: ₹225.58 | 52W Low Buffer: ₹608.9,48.6,B,214,20.2,71.5,54.5,44.800000000000004,314,60,56,292,done,83.05,2026-10-09 02:51
CANHLIFE.NS,Canara HSBC Life Insurance Company Limited,Miscellaneous,22.0,2026-10-09 02:36,,,,,108.33,157.23,,Stable,Normal,0.0,0.0,0.0,0.0,0.0,0.0,0.0,https://www.screener.in/company/CANHLIFE/consolidated/,4.57,30.85,62.0,4.57,5.67,5.42,0.0,30.85,29.79,29.67,0.0,0,1,4.57,30.85,Buying (+4.6% over 4Q),Accumulating (+30.9% over 4Q),124.58,99.66,112.12,87.21,OVERVALUED +nan%,52W Low Buffer: ₹124.58,48.6,B,214,50.0,31.5,45.0,70.4,103,288,130,43,done,90.5,2026-10-09 02:51
BAJAJFINSV.NS,Bajaj Finserv Limited,Miscellaneous,22.0,2026-10-09 02:28,1708.0,-11.9,-9.4,0.87,1630.41,2174.74,4.76,Stable,Normal,26.6,0.0,13.2,10.6,0.0,4.72,273632.0,https://www.screener.in/company/BAJAJFINSV/consolidated/,7.66,7.09,60.69,7.66,7.91,8.42,8.39,7.09,7.48,7.33,7.6,0,0,-0.73,-0.51,Stable,Stable/Reducing,1874.97,1499.98,1687.47,1312.48,FAIR VALUE,PE Mean Reversion: ₹1412.63 | 52W Low Buffer: ₹1874.97,48.5,B,216,44.0,54.2,37.0,55.199999999999996,166,151,277,188,done,89.0,2026-10-09 02:51
CCAVENUE.NS,AvenuesAI Limited,Miscellaneous,22.0,2026-10-09 02:40,,,,,13.15,20.12,,Stable,Normal,17.7,0.0,6.64,7.72,0.0,17.25,5241.0,https://www.screener.in/company/CCAVENUE/consolidated/,6.3,0.08,29.13,6.3,6.31,7.51,6.57,0.08,0.1,0.08,0.09,0,0,-0.27,-0.01,Stable,Stable/Reducing,15.12,12.1,13.61,10.59,OVERVALUED +nan%,52W Low Buffer: ₹15.12,48.5,B,216,54.0,50.0,45.0,44.0,83,175,130,301,done,91.5,2026-10-09 02:51
ALICON.NS,Alicon Castalloy Limited,Miscellaneous,22.0,2026-10-09 02:46,,,,,582.08,977.02,,Stable,Rising,38.0,0.0,7.03,10.6,0.0,8.73,1410.0,https://www.screener.in/company/ALICON/consolidated/,0.07,8.81,55.72,0.07,0.25,0.37,0.76,8.81,9.0,9.0,9.16,1,0,-0.69,-0.35,Selling (-0.7% over 4Q),Stable/Reducing,669.39,535.51,602.45,468.57,OVERVALUED +nan%,52W Low Buffer: ₹669.39,48.5,B,216,30.0,50.7,50.0,63.2,227,173,64,98,done,85.5,2026-10-09 02:51
BAJAJHCARE.NS,Bajaj Healthcare Limited,Healthcare,35.0,2026-10-09 02:48,314.85,-3.81,-4.61,5.18,273.71,478.84,15.03,Stable,Normal,0.0,0.0,0.0,0.0,0.0,0.0,0.0,https://www.screener.in/company/BAJAJHCARE/consolidated/,0.66,0.43,67.69,0.66,0.74,0.53,0.0,0.43,0.48,0.43,0.0,0,0,0.66,0.43,Buying (+0.7% over 4Q),Stable/Reducing,314.77,251.81,283.29,220.34,OVERVALUED +0.0%,52W Low Buffer: ₹314.77,48.5,B,216,58.4,31.5,42.199999999999996,64.0,75,288,264,80,done,92.6,2026-10-09 02:51
CCCL.NS,Consolidated Construction Consortium Limited,Real Estate,30.0,2026-10-09 02:50,,,,,12.85,24.93,,Stable,Normal,0.0,0.0,-4.32,-1.85,0.0,23.39,571.0,https://www.screener.in/company/CCCL/consolidated/,0.0,57.13,15.16,0.0,0.0,0.0,0.0,57.13,57.13,57.13,10.01,0,1,0.0,47.12,No data,Accumulating (+47.1% over 4Q),14.78,11.82,13.3,10.34,OVERVALUED +nan%,52W Low Buffer: ₹14.78,48.5,B,216,50.0,42.0,45.0,57.599999999999994,103,241,130,173,done,90.5,2026-10-09 02:51
AWFIS.NS,Awfis Space Solutions Limited,IT,28.0,2026-10-09 02:45,238.12,-6.69,-21.15,-6.34,230.65,629.6,3.24,Falling,Rising,20.1,0.0,14.0,13.2,0.0,6.1,1704.0,https://www.screener.in/company/AWFIS/consolidated/,22.54,13.54,28.56,22.54,20.66,21.07,19.33,13.54,20.81,29.37,33.97,0,0,3.21,-20.43,Buying (+3.2% over 4Q),Stable/Reducing,331.71,265.37,298.54,232.2,BUY,PE Mean Reversion: ₹331.71 | 52W Low Buffer: ₹265.25,48.3,B,221,76.0,54.2,23.0,33.6,12,151,316,337,done,97.0,2026-10-09 02:51
ABREL.NS,Aditya Birla Real Estate Limited,Miscellaneous,22.0,2026-10-09 02:37,,,,,1049.4,1887.11,,Stable,Rising,0.0,0.0,-2.64,-4.48,0.0,10.57,11371.0,https://www.screener.in/company/ABREL/consolidated/,6.64,16.1,50.21,6.64,6.42,7.46,8.52,16.1,17.39,16.54,15.76,0,0,-1.88,0.34,Stable,Stable/Reducing,1206.81,965.45,1086.13,844.77,OVERVALUED +nan%,52W Low Buffer: ₹1206.81,48.3,B,221,50.0,37.3,50.0,58.4,103,271,64,161,done,90.5,2026-10-09 02:51
BRIGHOTEL.NS,Brigade Hotel Ventures Limited,Real Estate,30.0,2026-10-09 02:44,,,,,55.52,83.88,,Stable,Normal,31.0,0.0,11.2,12.8,0.0,0.57,2112.0,https://www.screener.in/company/BRIGHOTEL/consolidated/,1.33,19.59,74.09,1.33,0.84,0.67,0.81,19.59,20.12,20.02,19.82,0,0,0.52,-0.23,Buying (+0.5% over 4Q),Stable/Reducing,63.85,51.08,57.46,44.69,OVERVALUED +nan%,52W Low Buffer: ₹63.85,48.3,B,221,38.0,48.8,45.0,60.8,194,179,130,107,done,87.5,2026-10-09 02:51
AEGISLOG.NS,Aegis Logistics Limited,Logistics,22.0,2026-10-09 02:31,1382.3,10.26,0.43,127.07,584.83,1486.0,136.36,Stable,Normal,38.8,0.0,16.3,13.3,0.0,7.66,48519.0,https://www.screener.in/company/AEGISLOG/consolidated/,18.87,4.53,58.1,18.87,17.97,18.17,17.65,4.53,5.08,4.92,6.71,0,0,1.22,-2.18,Buying (+1.2% over 4Q),Stable/Reducing,783.78,627.02,705.4,548.64,OVERVALUED +76.4%,PE Mean Reversion: ₹783.78 | 52W Low Buffer: ₹672.55,48.3,B,221,16.0,59.5,71.2,48.8,323,128,40,269,done,82.0,2026-10-09 02:51
BHAGERIA.NS,Bhageria Industries Limited,Miscellaneous,22.0,2026-10-09 02:45,,,,,127.13,406.45,,Stable,Rising,23.2,0.0,7.03,9.41,0.0,14.76,1602.0,https://www.screener.in/company/BHAGERIA/consolidated/,0.0,0.0,71.75,0.0,0.0,0.01,0.0,0.0,0.0,0.0,0.0,0,0,0.0,0.0,Stable,No data,146.2,116.96,131.58,102.34,OVERVALUED +nan%,52W Low Buffer: ₹146.2,48.3,B,221,38.0,45.300000000000004,50.0,60.8,194,218,64,107,done,87.5,2026-10-09 02:51
CANTABIL.NS,Cantabil Retail India Limited,Textiles,18.0,2026-10-09 02:44,,,,,210.19,309.23,,Stable,Normal,0.0,0.0,0.0,0.0,0.0,0.0,0.0,https://www.screener.in/company/CANTABIL/consolidated/,0.03,0.0,74.97,0.03,2.15,4.46,4.48,0.0,0.0,0.0,0.0,1,0,-4.45,0.0,Selling (-4.5% over 4Q),No data,241.72,193.37,217.55,169.2,OVERVALUED +nan%,52W Low Buffer: ₹241.72,48.2,B,226,50.0,31.5,45.0,68.8,103,288,130,46,done,90.5,2026-10-09 02:51
ASAL.NS,Automotive Stampings and Assemblies Limited,Automobiles,20.0,2026-10-09 02:50,,,,,377.4,585.0,,Stable,Normal,0.0,0.0,0.0,0.0,0.0,0.0,0.0,https://www.screener.in/company/ASAL/consolidated/,0.0,0.0,75.0,0.0,0.0,0.09,0.09,0.0,0.01,0.0,0.0,1,0,-0.09,0.0,Selling (-0.1% over 4Q),Stable/Reducing,434.01,347.21,390.61,303.81,OVERVALUED +nan%,52W Low Buffer: ₹434.01,48.2,B,226,50.0,31.5,45.0,68.8,103,288,130,46,done,90.5,2026-10-09 02:51
AONESTEELS.NS,A-One Steels India Limited,Metals,12.0,2026-10-09 02:42,,,,,384.8,420.35,,Stable,Normal,66.8,0.0,6.28,11.5,0.0,17.14,3220.0,https://www.screener.in/company/AONESTEELS/consolidated/,3.18,3.39,74.51,3.18,3.18,0.0,0.0,3.39,3.4,0.0,0.0,0,0,3.18,3.39,Buying (+3.2% over 4Q),Stable/Reducing,442.52,354.02,398.27,309.76,OVERVALUED +nan%,52W Low Buffer: ₹442.52,48.1,B,228,30.0,55.300000000000004,45.0,60.0,227,145,130,158,done,85.5,2026-10-09 02:51
AUBANK.NS,AU Small Finance Bank Limited,Banking,12.0,2026-10-09 02:30,975.0,-7.41,-8.52,10.56,759.26,1128.6,28.41,Stable,Normal,215.0,0.0,22.3,12.4,0.0,0.0,73258.0,https://www.screener.in/company/AUBANK/consolidated/,41.64,19.56,25.48,41.64,41.13,39.37,39.58,19.56,20.81,22.77,18.44,0,0,2.06,1.12,Buying (+2.1% over 4Q),Stable/Reducing,873.15,698.52,785.83,611.2,OVERVALUED +11.7%,PE Mean Reversion: ₹54.42 | 52W Low Buffer: ₹873.15,47.9,B,229,32.8,64.80000000000001,47.5,43.2,218,96,124,309,done,86.2,2026-10-09 02:51
BENARAS.NS,Benares Hotels Limited,Hotels,35.0,2026-10-09 02:46,,,,,10122.0,11085.0,,Stable,Rising,0.0,0.0,0.0,0.0,0.0,0.0,0.0,https://www.screener.in/company/BENARAS/consolidated/,0.0,0.0,62.57,0.0,0.0,0.01,0.01,0.0,0.0,0.0,0.0,1,0,-0.01,0.0,Selling (-0.0% over 4Q),No data,11640.3,9312.24,10476.27,8148.21,OVERVALUED +nan%,52W Low Buffer: ₹11640.3,47.8,B,230,50.0,31.5,50.0,63.2,103,288,64,98,done,90.5,2026-10-09 02:51
APOLLOHOSP.NS,Apollo Hospitals Enterprise Limited,Healthcare,35.0,2026-10-09 02:29,7666.0,-12.49,-13.15,1.67,6776.6,9069.0,13.12,Falling,Rising,52.4,0.0,21.2,17.4,0.0,4.76,110225.0,https://www.screener.in/company/APOLLOHOSP/consolidated/,46.25,18.87,29.33,46.25,45.63,43.92,45.37,18.87,19.55,21.13,19.94,0,0,0.88,-1.07,Buying (+0.9% over 4Q),Stable/Reducing,7793.09,6234.47,7013.78,5455.16,FAIR VALUE,PE Mean Reversion: ₹5120.42 | 52W Low Buffer: ₹7793.09,47.7,B,231,38.4,66.2,36.0,44.0,182,78,288,301,done,87.6,2026-10-09 02:51
AMBIKCO.NS,Ambika Cotton Mills Limited,Miscellaneous,22.0,2026-10-09 02:49,,,,,1099.59,1860.79,,Stable,Normal,0.0,0.0,0.0,0.0,0.0,0.0,0.0,https://www.screener.in/company/AMBIKCO/consolidated/,0.88,0.14,50.17,0.88,0.46,0.35,0.45,0.14,0.13,0.01,0.01,0,1,0.43,0.13,Buying (+0.4% over 4Q),Accumulating (+0.1% over 4Q),1264.53,1011.62,1138.08,885.17,OVERVALUED +nan%,52W Low Buffer: ₹1264.53,47.6,B,232,50.0,31.5,45.0,66.39999999999999,103,288,130,63,done,90.5,2026-10-09 02:51
CIFL.NS,Capital India Finance Limited,Finance,18.0,2026-10-09 02:49,,,,,19.53,38.53,,Stable,Rising,0.0,0.0,-8.63,1.17,0.0,0.0,789.0,https://www.screener.in/company/CIFL/consolidated/,0.0,0.0,73.04,0.0,0.0,0.0,0.0,0.0,0.0,0.0,0.0,0,0,0.0,0.0,No data,No data,22.46,17.97,20.21,15.72,OVERVALUED +nan%,52W Low Buffer: ₹22.46,47.5,B,233,50.0,32.8,50.0,60.8,103,284,64,107,done,90.5,2026-10-09 02:51
CEATLTD.NS,CEAT Limited,Automobiles,20.0,2026-10-09 02:36,3226.2,-3.29,-16.75,-5.88,3074.72,4259.23,4.93,Falling,Normal,20.5,0.0,16.1,19.2,0.0,5.03,13050.0,https://www.screener.in/company/CEATLTD/consolidated/,24.1,12.92,47.21,24.1,19.99,20.16,18.76,12.92,14.29,15.91,17.09,0,0,5.34,-4.17,Buying (+5.3% over 4Q),Stable/Reducing,3535.93,2828.74,3182.34,2475.15,FAIR VALUE,PE Mean Reversion: ₹3147.51 | 52W Low Buffer: ₹3535.93,47.5,B,233,52.0,66.2,24.0,39.2,98,78,307,324,done,91.0,2026-10-09 02:51
BEML.NS,BEML Limited,Miscellaneous,22.0,2026-10-09 02:35,1911.2,-8.33,4.9,33.97,1359.58,2216.28,40.57,Stable,Normal,89.2,0.0,4.78,7.66,0.0,4.25,15918.0,https://www.screener.in/company/BEML/consolidated/,6.79,19.03,54.03,6.79,9.12,9.91,6.76,19.03,18.97,17.79,20.14,0,0,0.03,-1.11,Buying (+0.0% over 4Q),Stable/Reducing,1563.52,1250.81,1407.17,1094.46,OVERVALUED +22.2%,PE Mean Reversion: ₹471.37 | 52W Low Buffer: ₹1563.52,47.5,B,233,25.8,39.5,77.2,55.199999999999996,296,248,31,188,done,84.45,2026-10-09 02:51
BLSE.NS,BLS E-Services Limited,Miscellaneous,22.0,2026-10-09 02:43,,,,,64.19,164.3,,Stable,Normal,49.3,0.0,10.7,16.4,0.0,5.37,2863.0,https://www.screener.in/company/BLSE/consolidated/,9.27,0.01,68.89,9.27,5.69,1.42,0.78,0.01,0.01,0.01,0.01,0,0,8.49,0.0,Buying (+8.5% over 4Q),Stable/Reducing,73.82,59.05,66.44,51.67,OVERVALUED +nan%,52W Low Buffer: ₹73.82,47.4,B,236,30.0,55.5,45.0,56.8,227,138,130,178,done,85.5,2026-10-09 02:51
BECTORFOOD.NS,Mrs. Bectors Food Specialities Limited,FMCG,45.0,2026-10-09 02:39,,,,,166.68,275.08,,Stable,Normal,42.4,0.0,11.4,14.1,0.0,3.67,6313.0,https://www.screener.in/company/BECTORFOOD/consolidated/,9.1,18.71,51.18,9.1,9.32,8.39,8.22,18.71,17.98,21.1,20.77,0,0,0.88,-2.06,Buying (+0.9% over 4Q),Stable/Reducing,191.68,153.35,172.51,134.18,OVERVALUED +nan%,52W Low Buffer: ₹191.68,47.3,B,237,46.0,48.8,45.0,48.8,154,179,130,269,done,89.5,2026-10-09 02:51
BHARTIHEXA.NS,Bharti Hexacom Limited,Miscellaneous,22.0,2026-10-09 02:30,,,,,1379.2,1893.47,,Stable,Rising,0.0,0.0,0.0,0.0,0.0,0.0,0.0,https://www.screener.in/company/BHARTIHEXA/consolidated/,4.54,9.14,70.0,4.54,5.06,5.02,4.33,9.14,8.88,9.28,9.97,0,0,0.21,-0.83,Buying (+0.2% over 4Q),Stable/Reducing,1586.08,1268.86,1427.47,1110.26,OVERVALUED +nan%,52W Low Buffer: ₹1586.08,47.2,B,238,50.0,31.5,50.0,60.8,103,288,64,107,done,90.5,2026-10-09 02:51
CARYSIL.NS,CARYSIL LIMITED,Miscellaneous,22.0,2026-10-09 02:43,,,,,735.15,1248.47,,Stable,Normal,26.7,0.0,17.4,18.0,0.0,3.79,2878.0,https://www.screener.in/company/CARYSIL/consolidated/,0.64,7.31,43.84,0.64,0.87,0.7,1.22,7.31,7.32,7.2,11.09,0,0,-0.58,-3.78,Stable,Stable/Reducing,845.42,676.34,760.88,591.8,OVERVALUED +nan%,52W Low Buffer: ₹845.42,47.2,B,238,30.0,66.2,45.0,43.2,227,78,130,309,done,85.5,2026-10-09 02:51
AJAXENGG.NS,Ajax Engineering Limited,Engineering,28.0,2026-10-09 02:39,,,,,404.1,671.1,,Stable,Rising,0.0,0.0,0.0,0.0,0.0,0.0,0.0,https://www.screener.in/company/AJAXENGG/consolidated/,5.95,7.92,80.0,5.95,6.47,6.51,6.15,7.92,8.94,9.42,9.71,0,0,-0.2,-1.79,Stable,Stable/Reducing,464.71,371.77,418.24,325.3,OVERVALUED +nan%,52W Low Buffer: ₹464.71,47.2,B,238,50.0,31.5,50.0,60.8,103,288,64,107,done,90.5,2026-10-09 02:51
ALLTIME.NS,All Time Plastics Limited,Miscellaneous,22.0,2026-10-09 02:47,,,,,183.8,308.75,,Stable,Normal,30.6,0.0,8.96,11.5,0.0,0.49,1149.0,https://www.screener.in/company/ALLTIME/consolidated/,3.36,10.95,70.14,3.36,3.21,2.93,2.98,10.95,10.16,10.29,10.36,0,0,0.38,0.59,Buying (+0.4% over 4Q),Stable/Reducing,211.37,169.1,190.23,147.96,OVERVALUED +nan%,52W Low Buffer: ₹211.37,47.1,B,241,30.0,48.8,45.0,64.0,227,179,130,80,done,85.5,2026-10-09 02:51
BHEL.NS,Bharat Heavy Electricals Limited,Power,18.0,2026-10-09 02:28,429.6,1.93,14.49,69.11,230.2,452.0,86.62,Rising,Normal,61.5,0.0,6.23,9.14,0.0,6.54,149589.0,https://www.screener.in/company/BHEL/consolidated/,7.23,15.99,63.17,7.23,7.04,8.76,9.1,15.99,17.58,15.95,15.03,0,0,-1.87,0.96,Stable,Stable/Reducing,264.73,211.78,238.26,185.31,OVERVALUED +62.3%,PE Mean Reversion: ₹125.74 | 52W Low Buffer: ₹264.73,47.1,B,241,16.0,39.5,83.2,58.4,323,248,21,161,done,82.0,2026-10-09 02:51
BORANA.NS,Borana Weaves Limited,Miscellaneous,22.0,2026-10-09 02:50,,,,,219.44,415.4,,Stable,Normal,0.0,0.0,0.0,0.0,0.0,0.0,0.0,https://www.screener.in/company/BORANA/consolidated/,3.55,6.98,65.23,3.55,2.58,4.01,2.63,6.98,3.67,3.73,2.65,0,0,0.92,4.33,Buying (+0.9% over 4Q),Stable/Reducing,252.36,201.88,227.12,176.65,OVERVALUED +nan%,52W Low Buffer: ₹252.36,47.0,B,243,50.0,31.5,45.0,64.0,103,288,130,80,done,90.5,2026-10-09 02:51
ABBOTINDIA.NS,Abbott India Limited,Miscellaneous,22.0,2026-10-09 02:31,,,,,24604.26,29563.22,,Stable,Normal,0.0,0.0,0.0,0.0,0.0,0.0,0.0,https://www.screener.in/company/ABBOTINDIA/consolidated/,0.19,8.83,74.99,0.19,0.18,0.18,0.18,8.83,8.73,8.91,8.81,0,0,0.01,0.02,Buying (+0.0% over 4Q),Stable/Reducing,28294.9,22635.92,25465.41,19806.43,OVERVALUED +nan%,52W Low Buffer: ₹28294.9,47.0,B,243,50.0,31.5,45.0,64.0,103,288,130,80,done,90.5,2026-10-09 02:51
ASTAR.NS,Asian Star Company Limited,Real Estate,30.0,2026-10-09 02:48,,,,,559.66,805.85,,Stable,Rising,31.0,0.0,2.43,3.6,0.0,-2.71,1027.0,https://www.screener.in/company/ASTAR/consolidated/,0.0,4.33,74.65,0.0,0.0,0.0,0.0,4.33,4.26,4.24,4.24,0,1,0.0,0.09,No data,Accumulating (+0.1% over 4Q),643.61,514.89,579.25,450.53,OVERVALUED +nan%,52W Low Buffer: ₹643.61,46.7,B,245,38.0,30.8,50.0,72.0,194,333,64,24,done,87.5,2026-10-09 02:51
ACC.NS,ACC Limited,Cement,25.0,2026-10-09 02:33,1130.1,-10.92,-18.37,-13.52,1130.1,1902.69,0.0,Falling,Normal,11.2,0.0,10.9,11.2,0.0,-2.0,21222.0,https://www.screener.in/company/ACC/consolidated/,7.1,22.79,56.69,7.1,6.24,6.17,5.64,22.79,24.14,24.64,24.82,0,0,1.46,-2.03,Buying (+1.5% over 4Q),Stable/Reducing,2522.54,2018.04,2270.29,1765.78,STRONG BUY,PE Mean Reversion: ₹2522.54 | 52W Low Buffer: ₹1299.61,46.7,B,245,70.0,44.2,18.799999999999997,48.8,16,230,319,269,done,95.5,2026-10-09 02:51
CRAFTSMAN.NS,Craftsman Automation Limited,Automobiles,20.0,2026-10-09 02:32,,,,,6416.17,11851.0,,Stable,Normal,56.0,0.0,12.5,13.9,0.0,8.03,26254.0,https://www.screener.in/company/CRAFTSMAN/consolidated/,12.68,17.28,54.99,12.68,12.52,12.55,15.76,17.28,17.23,16.0,21.45,0,0,-3.08,-4.17,Stable,Stable/Reducing,7378.6,5902.88,6640.74,5165.02,OVERVALUED +nan%,52W Low Buffer: ₹7378.6,46.7,B,245,30.0,60.0,45.0,48.8,227,125,130,269,done,85.5,2026-10-09 02:51
CASTROLIND.NS,Castrol India Limited,Miscellaneous,22.0,2026-10-09 02:34,,,,,167.91,201.67,,Stable,Rising,0.0,0.0,0.0,0.0,0.0,0.0,0.0,https://www.screener.in/company/CASTROLIND/consolidated/,10.96,16.51,51.0,10.96,10.38,9.51,9.98,16.51,15.92,16.37,16.11,0,0,0.98,0.4,Buying (+1.0% over 4Q),Stable/Reducing,193.1,154.48,173.79,135.17,OVERVALUED +nan%,52W Low Buffer: ₹193.1,46.6,B,248,50.0,31.5,50.0,58.4,103,288,64,161,done,90.5,2026-10-09 02:51
AEGISVOPAK.NS,Aegis Vopak Terminals Limited,Miscellaneous,22.0,2026-10-09 02:32,285.2,-0.05,-3.03,66.04,161.53,318.3,76.56,Stable,Rising,117.0,0.0,11.0,7.56,0.0,-2.06,31600.0,https://www.screener.in/company/AEGISVOPAK/consolidated/,5.87,5.29,86.94,5.87,6.07,6.03,5.89,5.29,5.03,4.98,4.89,0,1,-0.02,0.4,Stable,Accumulating (+0.4% over 4Q),185.76,148.61,167.18,130.03,OVERVALUED +53.5%,PE Mean Reversion: ₹53.63 | 52W Low Buffer: ₹185.76,46.6,B,248,20.2,38.8,59.5,72.0,314,265,52,24,done,83.05,2026-10-09 02:51
BALAJITELE.NS,Balaji Telefilms Limited,Media,20.0,2026-10-09 02:48,,,,,71.11,127.59,,Stable,Normal,0.0,0.0,-8.29,-10.1,0.0,79.15,1049.0,https://www.screener.in/company/BALAJITELE/consolidated/,18.58,0.0,34.34,18.58,18.57,18.9,18.52,0.0,0.25,0.0,0.0,0,0,0.06,0.0,Buying (+0.1% over 4Q),Stable/Reducing,81.78,65.42,73.6,57.24,OVERVALUED +nan%,52W Low Buffer: ₹81.78,46.5,B,250,50.0,46.7,45.0,44.0,103,214,130,301,done,90.5,2026-10-09 02:51
CEWATER.NS,Concord Enviro Systems Limited,IT,28.0,2026-10-09 02:51,,,,,241.25,501.3,,Stable,Rising,0.0,0.0,3.57,6.76,0.0,-3.05,527.0,https://www.screener.in/company/CEWATER/consolidated/,3.62,14.94,51.39,3.62,1.59,0.95,0.94,14.94,15.42,12.2,11.3,0,0,2.68,3.64,Buying (+2.7% over 4Q),Stable/Reducing,277.44,221.95,249.69,194.21,OVERVALUED +nan%,52W Low Buffer: ₹277.44,46.5,B,250,50.0,34.8,50.0,54.400000000000006,103,280,64,222,done,90.5,2026-10-09 02:51
ATHERENERG.NS,Ather Energy Limited,Power,18.0,2026-10-09 02:30,1406.0,-12.09,23.27,76.56,594.85,1725.6,136.36,Rising,Normal,0.0,0.0,0.0,0.0,0.0,0.0,55779.0,https://www.screener.in/company/ATHERENERG/consolidated/,24.07,24.01,42.09,24.07,23.61,17.45,17.21,24.01,23.6,28.1,28.97,0,0,6.86,-4.96,Buying (+6.9% over 4Q),Stable/Reducing,684.08,547.26,615.67,478.85,OVERVALUED +105.5%,52W Low Buffer: ₹684.08,46.5,B,250,36.0,31.5,91.19999999999999,39.2,212,288,8,324,done,87.0,2026-10-09 02:51
CHEMPLASTS.NS,Chemplast Sanmar Limited,Miscellaneous,22.0,2026-10-09 02:42,212.38,14.47,3.8,-18.92,165.12,408.15,28.62,Stable,Normal,0.0,0.0,-6.8,0.34,0.0,0.59,3358.0,https://www.screener.in/company/CHEMPLASTS/consolidated/,11.59,26.94,54.99,11.59,11.17,10.83,11.27,26.94,27.51,28.15,28.39,0,0,0.32,-1.45,Buying (+0.3% over 4Q),Stable/Reducing,189.89,151.91,170.9,132.92,OVERVALUED +11.8%,52W Low Buffer: ₹189.89,46.3,B,253,52.800000000000004,32.8,47.5,55.199999999999996,94,284,124,188,done,91.2,2026-10-09 02:51
ANUP.NS,The Anup Engineering Limited,Engineering,28.0,2026-10-09 02:42,1498.2,-15.38,-32.98,-9.86,1440.25,2434.1,4.02,Falling,Normal,35.0,0.0,17.1,21.0,0.0,-6.08,3001.0,https://www.screener.in/company/ANUP/consolidated/,1.14,11.42,42.91,1.14,0.75,0.86,1.18,11.42,11.09,10.74,11.06,0,0,-0.04,0.36,Stable,Stable/Reducing,1656.29,1325.03,1490.66,1159.4,FAIR VALUE,PE Mean Reversion: ₹1198.56 | 52W Low Buffer: ₹1656.29,46.2,B,254,44.0,61.5,18.0,52.800000000000004,166,100,326,239,done,89.0,2026-10-09 02:51
BHARATSE.NS,Bharat Seats Limited,Miscellaneous,22.0,2026-10-09 02:47,,,,,134.45,252.99,,Stable,Normal,0.0,0.0,0.0,0.0,0.0,0.0,0.0,https://www.screener.in/company/BHARATSE/consolidated/,0.0,0.11,74.59,0.0,0.0,0.0,0.0,0.11,0.11,0.11,0.11,0,0,0.0,0.0,No data,Stable/Reducing,154.62,123.69,139.16,108.23,OVERVALUED +nan%,52W Low Buffer: ₹154.62,46.2,B,254,50.0,31.5,45.0,60.8,103,288,130,107,done,90.5,2026-10-09 02:51
APEX.NS,Apex Frozen Foods Limited,FMCG,45.0,2026-10-09 02:48,,,,,219.5,498.01,,Stable,Normal,0.0,0.0,0.0,0.0,0.0,0.0,0.0,https://www.screener.in/company/APEX/consolidated/,0.02,0.08,72.62,0.02,0.03,0.0,1.27,0.08,0.0,0.05,0.22,0,0,-1.25,-0.14,Stable,Stable/Reducing,252.42,201.94,227.18,176.7,OVERVALUED +nan%,52W Low Buffer: ₹252.42,46.2,B,254,50.0,31.5,45.0,60.8,103,288,130,107,done,90.5,2026-10-09 02:51
ANDHRAPAP.NS,ANDHRA PAPER LIMITED,Miscellaneous,22.0,2026-10-09 02:46,,,,,57.96,80.05,,Stable,Normal,0.0,0.0,0.0,0.0,0.0,0.0,0.0,https://www.screener.in/company/ANDHRAPAP/consolidated/,2.65,2.55,72.31,2.65,2.62,2.33,2.31,2.55,2.21,2.6,2.6,0,0,0.34,-0.05,Buying (+0.3% over 4Q),Stable/Reducing,66.65,53.32,59.99,46.66,OVERVALUED +nan%,52W Low Buffer: ₹66.65,46.2,B,254,50.0,31.5,45.0,60.8,103,288,130,107,done,90.5,2026-10-09 02:51
BLUESTONE.NS,BlueStone Jewellery and Lifestyle Limited,Jewellery,30.0,2026-10-09 02:37,799.25,-8.13,38.05,63.11,403.45,930.4,98.1,Rising,Normal,217.0,0.0,1.11,6.78,0.0,10.06,12211.0,https://www.screener.in/company/BLUESTONE/consolidated/,35.24,32.49,16.36,35.24,34.94,34.19,34.69,32.49,32.52,33.9,32.48,0,0,0.55,0.01,Buying (+0.6% over 4Q),Stable/Reducing,463.97,371.17,417.57,324.78,OVERVALUED +72.3%,PE Mean Reversion: ₹110.5 | 52W Low Buffer: ₹463.97,46.2,B,254,16.0,45.300000000000004,91.19999999999999,41.6,323,218,8,319,done,82.0,2026-10-09 02:51
BSHSL.NS,Bombay Super Hybrid Seeds Limited,Miscellaneous,22.0,2026-10-09 02:49,,,,,60.7,125.57,,Stable,Normal,0.0,0.0,0.0,0.0,0.0,0.0,0.0,https://www.screener.in/company/BSHSL/consolidated/,0.0,0.0,73.81,0.0,0.0,0.0,0.0,0.0,0.0,0.0,0.0,0,0,0.0,0.0,No data,No data,69.8,55.84,62.82,48.86,OVERVALUED +nan%,52W Low Buffer: ₹69.8,46.2,B,254,50.0,31.5,45.0,60.8,103,288,130,107,done,90.5,2026-10-09 02:51
AURUM.NS,Aurum PropTech Limited,IT,28.0,2026-10-09 02:44,227.39,1.0,1.88,38.39,154.87,250.82,46.83,Stable,Normal,1744.0,0.0,-3.76,1.33,0.0,13.12,1640.0,https://www.screener.in/company/AURUM/consolidated/,0.0,0.0,50.34,0.0,0.01,0.0,0.38,0.0,0.0,0.0,0.0,0,0,-0.38,0.0,Stable,No data,178.1,142.48,160.29,124.67,OVERVALUED +27.7%,PE Mean Reversion: ₹3.65 | 52W Low Buffer: ₹178.1,46.1,B,260,25.8,38.7,71.2,55.199999999999996,296,268,40,188,done,84.45,2026-10-09 02:51
CARBORUNIV.NS,Carborundum Universal Limited,Miscellaneous,22.0,2026-10-09 02:33,,,,,746.57,1296.5,,Stable,Rising,91.9,0.0,6.92,10.5,0.0,4.0,23040.0,https://www.screener.in/company/CARBORUNIV/consolidated/,10.15,29.74,41.28,10.15,10.63,11.72,12.76,29.74,29.84,29.06,28.24,1,0,-2.61,1.5,Selling (-2.6% over 4Q),Stable/Reducing,858.56,686.84,772.7,600.99,OVERVALUED +nan%,52W Low Buffer: ₹858.56,46.1,B,260,30.0,44.800000000000004,50.0,60.8,227,224,64,107,done,85.5,2026-10-09 02:51
ASHIANA.NS,Ashiana Housing Limited,Real Estate,30.0,2026-10-09 02:41,,,,,271.17,404.05,,Stable,Normal,31.6,0.0,13.8,14.0,0.0,-16.19,3742.0,https://www.screener.in/company/ASHIANA/consolidated/,8.24,7.33,61.11,8.24,8.28,8.34,7.46,7.33,7.08,6.99,7.85,0,0,0.78,-0.52,Buying (+0.8% over 4Q),Stable/Reducing,311.85,249.48,280.66,218.29,OVERVALUED +nan%,52W Low Buffer: ₹311.85,46.1,B,260,38.0,46.0,45.0,55.199999999999996,194,217,130,188,done,87.5,2026-10-09 02:51
BANSALWIRE.NS,Bansal Wire Industries Limited,Miscellaneous,22.0,2026-10-09 02:40,313.2,-1.32,-11.56,32.15,224.95,365.8,39.23,Falling,Normal,33.9,0.0,12.1,13.8,0.0,5.53,4903.0,https://www.screener.in/company/BANSALWIRE/consolidated/,2.3,13.07,77.97,2.3,2.91,2.9,2.36,13.07,14.92,15.5,16.19,0,0,-0.06,-3.12,Stable,Stable/Reducing,258.69,206.95,232.82,181.08,OVERVALUED +21.1%,PE Mean Reversion: ₹203.26 | 52W Low Buffer: ₹258.69,46.0,B,263,25.8,54.2,48.5,54.400000000000006,296,151,117,222,done,84.45,2026-10-09 02:51
BHARATFORG.NS,Bharat Forge Limited,Miscellaneous,22.0,2026-10-09 02:29,,,,,1186.04,2265.2,,Stable,Normal,86.6,0.0,12.0,12.6,0.0,4.35,87501.0,https://www.screener.in/company/BHARATFORG/consolidated/,16.6,27.74,45.26,16.6,16.48,17.04,18.72,27.74,28.06,27.96,26.32,0,0,-2.12,1.42,Stable,Stable/Reducing,1363.95,1091.16,1227.55,954.76,OVERVALUED +nan%,52W Low Buffer: ₹1363.95,46.0,B,263,30.0,54.2,45.0,52.800000000000004,227,151,130,239,done,85.5,2026-10-09 02:51
ARE&M.NS,Amara Raja Energy & Mobility Limited,Power,18.0,2026-10-09 02:36,,,,,668.44,1004.74,,Stable,Normal,18.0,0.0,7.18,12.2,0.0,5.89,13183.0,https://www.screener.in/company/ARE&M/consolidated/,24.64,16.81,28.06,24.64,24.0,24.46,23.84,16.81,17.91,15.36,14.55,0,0,0.8,2.26,Buying (+0.8% over 4Q),Stable/Reducing,768.71,614.96,691.84,538.09,OVERVALUED +nan%,52W Low Buffer: ₹768.71,45.7,B,265,46.0,44.800000000000004,45.0,47.199999999999996,154,224,130,285,done,89.5,2026-10-09 02:51
360ONE.NS,360 ONE WAM LIMITED,Miscellaneous,22.0,2026-10-09 02:31,1041.1,-8.43,-9.48,7.14,923.89,1210.0,12.69,Stable,Normal,33.6,0.0,14.4,12.1,0.0,3.38,42468.0,https://www.screener.in/company/360ONE/consolidated/,61.87,6.36,20.84,61.87,62.48,63.22,64.56,6.36,8.87,8.34,8.72,1,0,-2.69,-2.36,Selling (-2.7% over 4Q),Stable/Reducing,1062.47,849.98,956.23,743.73,FAIR VALUE,PE Mean Reversion: ₹681.67 | 52W Low Buffer: ₹1062.47,45.7,B,265,38.4,54.2,42.199999999999996,45.599999999999994,182,151,264,287,done,87.6,2026-10-09 02:51
CIPLA.NS,Cipla Limited,Miscellaneous,22.0,2026-10-09 02:29,1306.8,-6.32,-9.99,6.18,1181.32,1648.14,10.62,Stable,Normal,29.5,0.0,11.6,15.5,0.0,0.57,105573.0,https://www.screener.in/company/CIPLA/consolidated/,25.74,23.9,33.46,25.74,25.73,25.82,27.82,23.9,24.05,24.15,24.66,0,0,-2.08,-0.76,Stable,Stable/Reducing,1358.52,1086.81,1222.67,950.96,FAIR VALUE,PE Mean Reversion: ₹974.56 | 52W Low Buffer: ₹1358.52,45.7,B,265,38.4,55.5,42.199999999999996,44.0,182,138,264,301,done,87.6,2026-10-09 02:51
BPLPHARMA.NS,Bharat Parenterals Limited,Miscellaneous,22.0,2026-10-09 02:47,,,,,1263.99,2149.8,,Stable,Rising,0.0,0.0,-2.54,-1.87,0.0,-6.38,1305.0,https://www.screener.in/company/BPLPHARMA/consolidated/,0.0,0.01,73.84,0.0,0.0,0.0,0.0,0.01,0.01,0.01,0.01,0,0,0.0,0.0,No data,Stable/Reducing,1453.59,1162.87,1308.23,1017.51,OVERVALUED +nan%,52W Low Buffer: ₹1453.59,45.7,B,265,50.0,26.8,50.0,60.8,103,338,64,107,done,90.5,2026-10-09 02:51
ANDREWYU.NS,Andrew Yule & Company Limited,Miscellaneous,22.0,2026-10-09 02:47,,,,,24.63,31.35,,Stable,Rising,0.0,0.0,-24.0,-16.2,0.0,1.02,1188.0,https://www.screener.in/company/ANDREWYU/consolidated/,0.03,0.0,89.25,0.03,0.0,0.0,0.0,0.0,2.2,2.2,2.2,0,0,0.03,-2.2,Buying (+0.0% over 4Q),Stable/Reducing,28.32,22.66,25.49,19.83,OVERVALUED +nan%,52W Low Buffer: ₹28.32,45.6,B,269,50.0,31.5,50.0,54.400000000000006,103,288,64,222,done,90.5,2026-10-09 02:51
CONCORDBIO.NS,Concord Biotech Limited,Pharmaceuticals,28.0,2026-10-09 02:36,,,,,1008.76,1599.62,,Stable,Normal,50.1,0.0,12.5,17.1,0.0,5.02,13922.0,https://www.screener.in/company/CONCORDBIO/consolidated/,7.3,8.12,44.08,7.3,7.0,6.49,7.11,8.12,8.4,8.41,10.35,0,0,0.19,-2.23,Buying (+0.2% over 4Q),Stable/Reducing,1160.07,928.06,1044.07,812.05,OVERVALUED +nan%,52W Low Buffer: ₹1160.07,45.5,B,270,30.0,60.8,45.0,43.2,227,103,130,309,done,85.5,2026-10-09 02:51
AVANTEL.NS,Avantel Limited,Defence,40.0,2026-10-09 02:41,145.31,-7.29,-18.2,17.22,118.14,206.97,23.0,Falling,Rising,225.0,0.0,5.29,9.63,0.0,8.07,3862.0,https://www.screener.in/company/AVANTEL/consolidated/,0.0,0.01,40.1,0.0,0.0,0.0,0.01,0.01,0.01,0.0,0.36,1,0,-0.01,-0.35,Selling (-0.0% over 4Q),Stable/Reducing,135.86,108.69,122.27,95.1,OVERVALUED +7.0%,PE Mean Reversion: ₹25.83 | 52W Low Buffer: ₹135.86,45.5,B,270,32.8,45.300000000000004,46.5,57.599999999999994,218,218,129,173,done,86.2,2026-10-09 02:51
ARVINDFASN.NS,Arvind Fashions Limited,Textiles,18.0,2026-10-09 02:40,,,,,377.23,554.16,,Stable,Normal,40.0,0.0,14.1,19.6,0.0,3.25,5243.0,https://www.screener.in/company/ARVINDFASN/consolidated/,16.6,8.0,36.8,16.6,16.76,15.73,15.58,8.0,8.37,10.66,11.93,0,0,1.02,-3.93,Buying (+1.0% over 4Q),Stable/Reducing,433.81,347.05,390.43,303.67,OVERVALUED +nan%,52W Low Buffer: ₹433.81,45.5,B,270,30.0,60.8,45.0,43.2,227,103,130,309,done,85.5,2026-10-09 02:51
DCBBANK.NS,DCB Bank Limited,Banking,12.0,2026-10-09 02:39,,,,,127.96,229.55,,Stable,Normal,0.0,0.0,0.0,0.0,0.0,0.0,0.0,https://www.screener.in/company/DCBBANK/consolidated/,12.74,38.99,14.82,12.74,13.02,12.75,14.65,38.99,34.2,29.65,27.61,0,1,-1.91,11.38,Stable,Accumulating (+11.4% over 4Q),147.15,117.72,132.44,103.01,OVERVALUED +nan%,52W Low Buffer: ₹147.15,45.4,B,273,50.0,31.5,45.0,57.599999999999994,103,288,130,173,done,90.5,2026-10-09 02:51
AKUMS.NS,Akums Drugs and Pharmaceuticals Limited,Pharmaceuticals,28.0,2026-10-09 02:37,,,,,412.1,823.3,,Stable,Normal,40.6,0.0,8.45,14.9,0.0,3.28,12382.0,https://www.screener.in/company/AKUMS/consolidated/,7.34,7.53,75.26,7.34,6.36,5.77,4.24,7.53,6.99,7.39,8.85,0,0,3.1,-1.32,Buying (+3.1% over 4Q),Stable/Reducing,473.91,379.13,426.52,331.74,OVERVALUED +nan%,52W Low Buffer: ₹473.91,45.3,B,274,30.0,48.8,45.0,56.8,227,179,130,178,done,85.5,2026-10-09 02:51
ARMANFIN.NS,Arman Financial Services Limited,Finance,18.0,2026-10-09 02:45,,,,,1339.2,2069.3,,Stable,Normal,15.4,0.0,6.26,11.8,0.0,0.0,1797.0,https://www.screener.in/company/ARMANFIN/consolidated/,3.89,0.77,26.58,3.89,6.64,10.2,5.18,0.77,7.66,6.29,6.16,0,0,-1.29,-5.39,Stable,Stable/Reducing,1540.08,1232.06,1386.07,1078.06,OVERVALUED +nan%,52W Low Buffer: ₹1540.08,45.3,B,274,54.0,44.800000000000004,45.0,37.599999999999994,83,224,130,331,done,91.5,2026-10-09 02:51
AVL.NS,Aditya Vision Limited,Miscellaneous,22.0,2026-10-09 02:38,,,,,443.26,667.13,,Stable,Normal,0.0,0.0,0.0,0.0,0.0,0.0,0.0,https://www.screener.in/company/AVL/consolidated/,0.56,4.6,61.19,0.56,0.57,9.42,10.23,4.6,6.64,7.49,8.23,1,0,-9.67,-3.63,Selling (-9.7% over 4Q),Stable/Reducing,509.75,407.8,458.77,356.82,OVERVALUED +nan%,52W Low Buffer: ₹509.75,45.2,B,276,50.0,31.5,45.0,56.8,103,288,130,178,done,90.5,2026-10-09 02:51
CHEVIOT.NS,Cheviot Company Limited,Miscellaneous,22.0,2026-10-09 02:50,,,,,885.02,1329.49,,Stable,Normal,62.5,0.0,9.08,0.0,0.0,0.0,665.0,https://www.screener.in/company/CHEVIOT/consolidated/,0.27,0.15,74.83,0.27,0.27,0.27,0.38,0.15,0.15,0.15,0.15,1,0,-0.11,0.0,Selling (-0.1% over 4Q),Stable/Reducing,1017.77,814.22,916.0,712.44,OVERVALUED +nan%,52W Low Buffer: ₹1017.77,45.2,B,276,30.0,38.199999999999996,45.0,68.8,227,270,130,46,done,85.5,2026-10-09 02:51
APOLLOPIPE.NS,Apollo Pipes Limited,Miscellaneous,22.0,2026-10-09 02:44,506.9,-15.66,7.32,18.54,254.1,663.75,99.49,Stable,Normal,0.0,0.0,-0.88,1.23,0.0,1.81,2233.0,https://www.screener.in/company/APOLLOPIPE/consolidated/,2.67,14.87,50.8,2.67,3.23,4.24,4.14,14.87,14.7,14.68,17.19,0,0,-1.47,-2.32,Stable,Stable/Reducing,292.21,233.77,262.99,204.55,OVERVALUED +73.5%,52W Low Buffer: ₹292.21,45.1,B,278,36.0,32.8,70.19999999999999,48.8,212,284,44,269,done,87.0,2026-10-09 02:51
CENTURYPLY.NS,Century Plyboards (India) Limited,Miscellaneous,22.0,2026-10-09 02:35,659.85,-10.63,-14.44,-5.4,644.88,842.87,2.32,Falling,Rising,49.4,0.0,10.8,11.5,0.0,7.26,14660.0,https://www.screener.in/company/CENTURYPLY/consolidated/,5.61,14.48,73.04,5.61,5.45,6.28,4.27,14.48,14.75,14.51,16.67,0,0,1.34,-2.19,Buying (+1.3% over 4Q),Stable/Reducing,741.61,593.29,667.45,519.13,WATCH,PE Mean Reversion: ₹293.86 | 52W Low Buffer: ₹741.61,45.0,B,279,44.0,48.8,29.0,54.400000000000006,166,179,300,222,done,89.0,2026-10-09 02:51
ABFRL.NS,Aditya Birla Fashion and Retail Limited,Miscellaneous,22.0,2026-10-09 02:40,43.18,-18.85,-27.59,-24.31,43.18,85.38,0.0,Falling,Normal,0.0,0.0,-13.6,-3.76,0.0,2.39,5270.0,https://www.screener.in/company/ABFRL/consolidated/,14.03,17.01,55.45,14.03,14.15,19.5,19.99,17.01,17.0,14.84,14.45,1,1,-5.96,2.56,Selling (-6.0% over 4Q),Accumulating (+2.6% over 4Q),49.66,39.73,44.69,34.76,WATCH,52W Low Buffer: ₹49.66,45.0,B,279,50.0,31.5,7.5,86.4,103,288,340,7,done,90.5,2026-10-09 02:51
ADANIENSOL.NS,Adani Energy Solutions Limited,IT,28.0,2026-10-09 02:28,1251.5,-9.99,-24.2,30.91,812.7,1741.6,53.99,Falling,Normal,52.4,0.0,9.44,9.65,0.0,10.48,153053.0,https://www.screener.in/company/ADANIENSOL/consolidated/,17.49,3.82,73.22,17.49,17.49,15.53,18.66,3.82,3.8,3.97,5.38,0,0,-1.17,-1.56,Stable,Stable/Reducing,934.61,747.68,841.14,654.22,OVERVALUED +33.9%,PE Mean Reversion: ₹668.74 | 52W Low Buffer: ₹934.61,44.9,C,281,25.8,49.3,42.5,60.8,296,178,262,107,done,84.45,2026-10-09 02:51
BANARISUG.NS,Bannari Amman Sugars Limited,Miscellaneous,22.0,2026-10-09 02:41,,,,,3257.72,4225.16,,Stable,Normal,0.0,0.0,0.0,0.0,0.0,0.0,0.0,https://www.screener.in/company/BANARISUG/consolidated/,0.26,0.0,58.69,0.26,0.26,0.25,0.25,0.0,0.0,0.0,0.0,0,0,0.01,0.0,Buying (+0.0% over 4Q),No data,3746.38,2997.1,3371.74,2622.46,OVERVALUED +nan%,52W Low Buffer: ₹3746.38,44.8,C,282,50.0,31.5,45.0,55.199999999999996,103,288,130,188,done,90.5,2026-10-09 02:51
ASTRAZEN.NS,AstraZeneca Pharma India Limited,Pharmaceuticals,28.0,2026-10-09 02:36,,,,,5909.0,9783.79,,Stable,Normal,0.0,0.0,0.0,0.0,0.0,0.0,0.0,https://www.screener.in/company/ASTRAZEN/consolidated/,2.69,2.42,75.0,2.69,2.66,2.73,2.79,2.42,2.76,3.77,4.99,0,0,-0.1,-2.57,Stable,Stable/Reducing,6795.35,5436.28,6115.81,4756.74,OVERVALUED +nan%,52W Low Buffer: ₹6795.35,44.6,C,283,50.0,31.5,45.0,54.400000000000006,103,288,130,222,done,90.5,2026-10-09 02:51
ALIVUS.NS,Alivus Life Sciences Limited,Pharmaceuticals,28.0,2026-10-09 02:35,,,,,856.99,1443.7,,Stable,Normal,46.7,0.0,0.0,0.0,0.0,22.64,16417.0,https://www.screener.in/company/ALIVUS/consolidated/,4.39,0.64,82.85,4.39,4.57,5.01,4.81,0.64,0.74,1.41,1.57,0,0,-0.42,-0.93,Stable,Stable/Reducing,985.54,788.43,886.98,689.88,OVERVALUED +nan%,52W Low Buffer: ₹985.54,44.3,C,284,30.0,42.0,45.0,60.8,227,241,130,107,done,85.5,2026-10-09 02:51
BIRLANU.NS,BirlaNu Limited,Miscellaneous,22.0,2026-10-09 02:48,,,,,1188.44,1969.55,,Stable,Normal,0.0,0.0,-14.9,-4.29,0.0,3.27,969.0,https://www.screener.in/company/BIRLANU/consolidated/,2.47,3.31,40.58,2.47,2.47,2.21,1.54,3.31,3.33,3.27,3.27,0,0,0.93,0.04,Buying (+0.9% over 4Q),Stable/Reducing,1366.71,1093.36,1230.04,956.69,OVERVALUED +nan%,52W Low Buffer: ₹1366.71,44.2,C,285,50.0,31.5,45.0,52.800000000000004,103,288,130,239,done,90.5,2026-10-09 02:51
DATAPATTNS.NS,Data Patterns (India) Limited,Miscellaneous,22.0,2026-10-09 02:33,,,,,2177.75,4932.3,,Stable,Normal,0.0,0.0,0.0,0.0,0.0,0.0,0.0,https://www.screener.in/company/DATAPATTNS/consolidated/,7.17,9.55,42.41,7.17,6.74,14.56,14.95,9.55,9.15,11.58,8.52,0,0,-7.78,1.03,Stable,Stable/Reducing,2504.41,2003.53,2253.97,1753.09,OVERVALUED +nan%,52W Low Buffer: ₹2504.41,44.2,C,285,50.0,31.5,45.0,52.800000000000004,103,288,130,239,done,90.5,2026-10-09 02:51
BALKRISIND.NS,Balkrishna Industries Limited,Miscellaneous,22.0,2026-10-09 02:31,1996.9,-12.69,-11.14,-6.82,1967.16,2706.88,1.51,Falling,Normal,27.5,0.0,9.66,11.2,0.0,6.42,38604.0,https://www.screener.in/company/BALKRISIND/consolidated/,12.53,21.11,58.3,12.53,12.69,12.24,12.61,21.11,21.32,21.97,22.29,0,0,-0.08,-1.18,Stable,Stable/Reducing,2262.23,1809.79,2036.01,1583.56,WATCH,PE Mean Reversion: ₹1597.52 | 52W Low Buffer: ₹2262.23,44.2,C,285,44.0,48.8,24.0,55.199999999999996,166,179,307,188,done,89.0,2026-10-09 02:51
CONCOR.NS,Container Corporation of India Limited,Miscellaneous,22.0,2026-10-09 02:32,434.0,-13.7,-7.73,-0.46,421.62,544.64,2.94,Stable,Normal,26.6,0.0,9.81,12.6,0.0,0.07,33054.0,https://www.screener.in/company/CONCOR/consolidated/,20.69,21.46,54.8,20.69,19.55,16.63,16.15,21.46,22.76,24.88,24.71,0,0,4.54,-3.25,Buying (+4.5% over 4Q),Stable/Reducing,484.86,387.89,436.38,339.4,WATCH,PE Mean Reversion: ₹358.95 | 52W Low Buffer: ₹484.86,44.2,C,285,44.0,48.8,37.0,44.800000000000004,166,179,277,292,done,89.0,2026-10-09 02:51
AXISBANK.NS,Axis Bank Limited,Banking,12.0,2026-10-09 02:28,1245.0,-1.66,-7.09,3.38,1160.41,1401.92,7.29,Stable,Normal,14.0,0.0,13.1,6.24,0.0,0.0,387665.0,https://www.screener.in/company/AXISBANK/consolidated/,53.0,29.03,8.22,53.0,54.68,53.84,53.43,29.03,28.83,30.12,31.63,0,0,-0.43,-2.6,Stable,Stable/Reducing,1334.47,1067.58,1201.02,934.13,FAIR VALUE,PE Mean Reversion: ₹1067.14 | 52W Low Buffer: ₹1334.47,44.1,C,289,52.0,48.8,42.199999999999996,32.0,98,179,264,340,done,91.0,2026-10-09 02:51
AAVAS.NS,Aavas Financiers Limited,Finance,18.0,2026-10-09 02:37,,,,,1073.9,1736.4,,Stable,Normal,19.2,0.0,13.9,9.91,0.0,0.0,9440.0,https://www.screener.in/company/AAVAS/consolidated/,32.32,15.29,39.1,32.32,34.8,35.88,35.5,15.29,23.99,24.39,25.55,0,0,-3.18,-10.26,Stable,Stable/Reducing,1234.98,987.99,1111.49,864.49,OVERVALUED +nan%,52W Low Buffer: ₹1234.98,43.9,C,290,38.0,48.8,45.0,43.2,194,179,130,309,done,87.5,2026-10-09 02:51
BLKASHYAP.NS,B. L. Kashyap and Sons Limited,Miscellaneous,22.0,2026-10-09 02:47,,,,,42.81,63.1,,Stable,Normal,31.9,0.0,1.97,12.6,0.0,0.65,1175.0,https://www.screener.in/company/BLKASHYAP/consolidated/,0.35,0.0,61.65,0.35,0.3,0.89,1.65,0.0,0.0,0.02,0.0,0,0,-1.3,0.0,Stable,Stable/Reducing,49.23,39.39,44.31,34.46,OVERVALUED +nan%,52W Low Buffer: ₹49.23,43.7,C,291,30.0,44.800000000000004,45.0,55.199999999999996,227,224,130,188,done,85.5,2026-10-09 02:51
AARTIIND.NS,Aarti Industries Limited,Miscellaneous,22.0,2026-10-09 02:34,478.05,-2.38,0.12,14.76,339.33,542.07,40.88,Stable,Normal,33.2,0.0,7.13,6.86,0.0,8.74,17341.0,https://www.screener.in/company/AARTIIND/consolidated/,10.58,16.14,43.57,10.58,10.83,10.93,10.61,16.14,15.82,17.24,18.55,0,0,-0.03,-2.41,Stable,Stable/Reducing,390.23,312.18,351.21,273.16,OVERVALUED +22.5%,PE Mean Reversion: ₹316.78 | 52W Low Buffer: ₹390.23,43.7,C,291,25.8,45.300000000000004,64.2,43.2,296,218,49,309,done,84.45,2026-10-09 02:51
CUB.NS,City Union Bank Limited,Banking,12.0,2026-10-09 02:33,,,,,158.34,238.48,,Stable,Normal,0.0,0.0,0.0,0.0,0.0,0.0,0.0,https://www.screener.in/company/CUB/consolidated/,23.66,33.18,0.0,23.66,26.6,26.95,26.44,33.18,32.39,29.5,32.55,0,0,-2.78,0.63,Stable,Stable/Reducing,182.09,145.67,163.88,127.46,OVERVALUED +nan%,52W Low Buffer: ₹182.09,43.4,C,293,50.0,31.5,45.0,50.0,103,288,130,258,done,90.5,2026-10-09 02:51
CAPITALSFB.NS,Capital Small Finance Bank Limited,Banking,12.0,2026-10-09 02:47,,,,,215.23,305.25,,Stable,Normal,0.0,0.0,0.0,0.0,0.0,0.0,0.0,https://www.screener.in/company/CAPITALSFB/consolidated/,1.38,33.09,18.85,1.38,1.33,1.33,1.36,33.09,32.58,31.71,31.31,0,1,0.02,1.78,Buying (+0.0% over 4Q),Accumulating (+1.8% over 4Q),247.51,198.01,222.76,173.26,OVERVALUED +nan%,52W Low Buffer: ₹247.51,43.4,C,293,50.0,31.5,45.0,49.6,103,288,130,260,done,90.5,2026-10-09 02:51
BAJAJINDEF.NS,Indef Manufacturing Limited,Miscellaneous,22.0,2026-10-09 02:50,,,,,202.19,421.59,,Stable,Normal,27.0,0.0,9.2,9.45,0.0,-2.88,638.0,https://www.screener.in/company/BAJAJINDEF/consolidated/,1.57,0.0,69.61,1.57,1.59,1.56,1.56,0.0,0.0,0.0,0.0,0,0,0.01,0.0,Buying (+0.0% over 4Q),No data,232.52,186.01,209.27,162.76,OVERVALUED +nan%,52W Low Buffer: ₹232.52,43.3,C,295,30.0,38.8,45.0,60.8,227,265,130,107,done,85.5,2026-10-09 02:51
AMBUJACEM.NS,Ambuja Cements Limited,Cement,25.0,2026-10-09 02:30,341.0,-14.45,-21.77,-16.18,341.0,574.36,0.0,Falling,Normal,18.0,0.0,8.85,5.61,0.0,-1.94,84732.0,https://www.screener.in/company/AMBUJACEM/consolidated/,11.65,15.26,63.19,11.65,11.88,11.09,9.59,15.26,15.56,14.24,13.03,0,0,2.06,2.23,Buying (+2.1% over 4Q),Stable/Reducing,473.61,378.89,426.25,331.53,BUY,PE Mean Reversion: ₹473.61 | 52W Low Buffer: ₹392.15,43.3,C,295,62.0,38.8,12.7,54.400000000000006,60,265,331,222,done,93.5,2026-10-09 02:51
ANANTRAJ.NS,Anant Raj Limited,Miscellaneous,22.0,2026-10-09 02:33,,,,,405.03,698.8,,Stable,Normal,36.2,0.0,11.2,12.1,0.0,1.55,20963.0,https://www.screener.in/company/ANANTRAJ/consolidated/,9.51,1.66,63.31,9.51,8.96,11.52,13.1,1.66,1.6,3.63,6.51,0,0,-3.59,-4.85,Stable,Stable/Reducing,465.78,372.63,419.21,326.05,OVERVALUED +nan%,52W Low Buffer: ₹465.78,43.3,C,295,30.0,48.8,45.0,48.8,227,179,130,269,done,85.5,2026-10-09 02:51
BIL.NS,Bhartiya International Limited,Miscellaneous,22.0,2026-10-09 02:46,,,,,613.15,1108.2,,Stable,Rising,54.9,0.0,2.87,9.53,0.0,6.85,1406.0,https://www.screener.in/company/BIL/consolidated/,8.53,0.0,57.35,8.53,8.36,8.36,8.25,0.0,0.0,0.0,0.08,0,0,0.28,-0.08,Buying (+0.3% over 4Q),Stable/Reducing,705.12,564.1,634.61,493.59,OVERVALUED +nan%,52W Low Buffer: ₹705.12,43.2,C,298,30.0,39.5,50.0,55.199999999999996,227,248,64,188,done,85.5,2026-10-09 02:51
ADANIENT.NS,Adani Enterprises Limited,Miscellaneous,22.0,2026-10-09 02:28,2596.0,-12.0,-16.45,42.47,1758.01,3212.1,47.67,Falling,Normal,148.0,0.0,-3.38,5.8,0.0,10.91,351350.0,https://www.screener.in/company/ADANIENT/consolidated/,14.65,5.44,72.61,14.65,14.41,11.73,11.31,5.44,5.77,6.02,6.46,0,0,3.34,-1.02,Buying (+3.3% over 4Q),Stable/Reducing,2021.71,1617.37,1819.54,1415.2,OVERVALUED +28.4%,PE Mean Reversion: ₹385.89 | 52W Low Buffer: ₹2021.71,43.2,C,298,25.8,42.699999999999996,48.5,56.8,296,240,117,178,done,84.45,2026-10-09 02:51
BNAGROCHEM.NS,BN Agrochem Limited,Chemicals,25.0,2026-10-09 02:44,,,,,200.08,239.95,,Stable,Rising,114.0,0.0,8.01,4.44,0.0,6.19,1949.0,https://www.screener.in/company/BNAGROCHEM/consolidated/,0.0,0.0,59.03,0.0,0.0,0.0,0.0,0.0,0.0,0.0,0.0,0,0,0.0,0.0,No data,No data,230.09,184.07,207.08,161.06,OVERVALUED +nan%,52W Low Buffer: ₹230.09,43.2,C,298,30.0,39.5,50.0,55.199999999999996,227,248,64,188,done,85.5,2026-10-09 02:51
ANGELONE.NS,Angel One Limited,Finance,18.0,2026-10-09 02:32,295.0,-2.9,-11.88,25.78,210.87,353.71,39.89,Falling,Normal,26.1,0.0,15.6,14.8,0.0,5.61,26981.0,https://www.screener.in/company/ANGELONE/consolidated/,16.82,10.41,38.26,16.82,19.11,17.27,15.36,10.41,9.32,9.49,14.03,0,0,1.46,-3.62,Buying (+1.5% over 4Q),Stable/Reducing,242.5,194.0,218.25,169.75,OVERVALUED +21.6%,PE Mean Reversion: ₹203.45 | 52W Low Buffer: ₹242.5,43.2,C,298,25.8,54.2,48.5,43.2,296,151,117,309,done,84.45,2026-10-09 02:51
ANTELOPUS.NS,Antelopus Selan Energy Limited,Power,18.0,2026-10-09 02:41,,,,,359.5,1261.7,,Stable,Rising,0.0,0.0,0.0,0.0,0.0,0.0,0.0,https://www.screener.in/company/ANTELOPUS/consolidated/,3.78,0.0,30.46,3.78,3.71,3.83,5.02,0.0,0.0,0.0,0.12,0,0,-1.24,-0.12,Stable,Stable/Reducing,413.42,330.74,372.08,289.4,OVERVALUED +nan%,52W Low Buffer: ₹413.42,43.0,C,302,50.0,31.5,50.0,44.0,103,288,64,301,done,90.5,2026-10-09 02:51
CSBBANK.NS,CSB Bank Limited,Banking,12.0,2026-10-09 02:40,,,,,296.35,557.45,,Stable,Rising,0.0,0.0,0.0,0.0,0.0,0.0,0.0,https://www.screener.in/company/CSBBANK/consolidated/,4.65,14.35,49.72,4.65,4.62,4.93,12.42,14.35,16.07,15.94,18.71,0,0,-7.77,-4.36,Stable,Stable/Reducing,340.8,272.64,306.72,238.56,OVERVALUED +nan%,52W Low Buffer: ₹340.8,42.8,C,303,50.0,31.5,50.0,43.2,103,288,64,309,done,90.5,2026-10-09 02:51
CREST.NS,Crest Ventures Limited,Miscellaneous,22.0,2026-10-09 02:48,,,,,308.35,403.34,,Stable,Normal,30.3,0.0,3.75,5.67,0.0,0.0,1001.0,https://www.screener.in/company/CREST/consolidated/,5.29,0.0,69.11,5.29,4.74,3.3,1.25,0.0,0.0,0.0,0.0,0,0,4.04,0.0,Buying (+4.0% over 4Q),No data,354.6,283.68,319.14,248.22,OVERVALUED +nan%,52W Low Buffer: ₹354.6,42.6,C,304,30.0,39.5,45.0,56.8,227,248,130,178,done,85.5,2026-10-09 02:51
CAPILLARY.NS,Capillary Technologies India Limited,IT,28.0,2026-10-09 02:41,,,,,448.95,732.15,,Stable,Normal,86.0,0.0,2.95,3.42,0.0,10.34,4408.0,https://www.screener.in/company/CAPILLARY/consolidated/,3.93,17.75,52.29,3.93,3.43,3.34,0.0,17.75,18.6,19.38,0.0,0,0,3.93,17.75,Buying (+3.9% over 4Q),Stable/Reducing,516.29,413.03,464.66,361.4,OVERVALUED +nan%,52W Low Buffer: ₹516.29,42.5,C,305,30.0,41.3,45.0,54.400000000000006,227,243,130,222,done,85.5,2026-10-09 02:51
CENTRUM.NS,Centrum Capital Limited,Finance,18.0,2026-10-09 02:49,,,,,19.61,34.81,,Stable,Normal,0.0,0.0,-84.6,7.33,0.0,-10.58,946.0,https://www.screener.in/company/CENTRUM/consolidated/,0.82,0.0,38.49,0.82,0.82,0.67,0.36,0.0,0.0,0.0,0.0,0,0,0.46,0.0,Buying (+0.5% over 4Q),No data,22.55,18.04,20.3,15.79,OVERVALUED +nan%,52W Low Buffer: ₹22.55,42.5,C,305,50.0,28.700000000000003,45.0,49.6,103,336,130,260,done,90.5,2026-10-09 02:51
AYE.NS,Aye Finance Limited,Finance,18.0,2026-10-09 02:41,,,,,90.07,189.13,,Stable,Normal,0.0,0.0,0.0,0.0,0.0,0.0,0.0,https://www.screener.in/company/AYE/consolidated/,18.66,18.39,0.0,18.66,15.7,0.0,0.0,18.39,19.75,0.0,0.0,0,0,18.66,18.39,Buying (+18.7% over 4Q),Stable/Reducing,103.58,82.86,93.22,72.51,OVERVALUED +nan%,52W Low Buffer: ₹103.58,42.4,C,307,50.0,31.5,45.0,46.0,103,288,130,286,done,90.5,2026-10-09 02:51
ALOKINDS.NS,Alok Industries Limited,Miscellaneous,22.0,2026-10-09 02:40,9.0,18.42,-29.47,-24.43,7.05,17.9,27.66,Falling,Rising,0.0,0.0,0.0,-3.95,0.0,1.62,4469.0,https://www.screener.in/company/ALOKINDS/consolidated/,2.15,0.34,75.0,2.15,2.24,2.34,2.46,0.34,0.37,0.37,0.38,1,0,-0.31,-0.04,Selling (-0.3% over 4Q),Stable/Reducing,8.11,6.49,7.3,5.68,OVERVALUED +11.0%,52W Low Buffer: ₹8.11,42.4,C,307,52.800000000000004,31.5,12.5,68.8,94,288,336,46,done,91.2,2026-10-09 02:51
BANDHANBNK.NS,Bandhan Bank Limited,Banking,12.0,2026-10-09 02:32,155.54,-5.56,-23.51,5.36,134.31,214.88,15.81,Falling,Normal,0.0,0.0,0.0,0.0,0.0,0.0,0.0,https://www.screener.in/company/BANDHANBNK/consolidated/,32.78,17.45,39.98,32.78,34.75,31.2,28.25,17.45,14.79,12.42,15.06,0,0,4.53,2.39,Buying (+4.5% over 4Q),Stable/Reducing,154.46,123.57,139.01,108.12,OVERVALUED +0.7%,52W Low Buffer: ₹154.46,42.3,C,309,58.4,31.5,30.2,48.8,75,288,294,269,done,92.6,2026-10-09 02:51
ARVIND.NS,Arvind Limited,Textiles,18.0,2026-10-09 02:36,510.5,-9.57,-4.55,46.75,277.38,582.44,84.04,Stable,Normal,31.7,0.0,10.8,14.7,0.0,5.32,13888.0,https://www.screener.in/company/ARVIND/consolidated/,12.63,14.24,41.14,12.63,15.15,17.54,18.33,14.24,14.81,16.32,17.21,1,0,-5.7,-2.97,Selling (-5.7% over 4Q),Stable/Reducing,318.99,255.19,287.09,223.29,OVERVALUED +60.0%,PE Mean Reversion: ₹289.87 | 52W Low Buffer: ₹318.99,42.3,C,309,16.0,48.8,54.5,51.2,323,179,56,249,done,82.0,2026-10-09 02:51
BAJEL.NS,Bajel Projects Limited,Miscellaneous,22.0,2026-10-09 02:45,,,,,136.8,206.88,,Stable,Normal,67.2,0.0,4.1,11.0,0.0,-1.47,1813.0,https://www.screener.in/company/BAJEL/consolidated/,10.51,11.98,62.85,10.51,10.46,0.51,0.29,11.98,12.03,8.07,7.83,0,0,10.22,4.15,Buying (+10.2% over 4Q),Stable/Reducing,157.32,125.86,141.59,110.12,OVERVALUED +nan%,52W Low Buffer: ₹157.32,42.2,C,311,30.0,40.199999999999996,45.0,54.400000000000006,227,245,130,222,done,85.5,2026-10-09 02:51
ANURAS.NS,Anupam Rasayan India Limited,Chemicals,25.0,2026-10-09 02:36,,,,,1063.35,1374.25,,Stable,Rising,71.5,0.0,5.55,7.38,0.0,7.19,12497.0,https://www.screener.in/company/ANURAS/consolidated/,10.26,1.76,60.73,10.26,9.13,8.07,7.14,1.76,2.51,2.56,2.56,0,0,3.12,-0.8,Buying (+3.1% over 4Q),Stable/Reducing,1222.85,978.28,1100.57,856.0,OVERVALUED +nan%,52W Low Buffer: ₹1222.85,42.2,C,311,30.0,39.5,50.0,51.2,227,248,64,249,done,85.5,2026-10-09 02:51
CANFINHOME.NS,Can Fin Homes Limited,Miscellaneous,22.0,2026-10-09 02:37,,,,,711.0,941.59,,Stable,Normal,0.0,0.0,0.0,0.0,0.0,0.0,0.0,https://www.screener.in/company/CANFINHOME/consolidated/,11.36,27.41,29.99,11.36,11.06,11.51,11.53,27.41,28.46,27.88,27.78,0,0,-0.17,-0.37,Stable,Stable/Reducing,817.65,654.12,735.88,572.35,OVERVALUED +nan%,52W Low Buffer: ₹817.65,42.0,C,313,50.0,31.5,45.0,44.0,103,288,130,301,done,90.5,2026-10-09 02:51
CYIENTDLM.NS,Cyient DLM Limited,IT,28.0,2026-10-09 02:38,,,,,272.3,988.3,,Stable,Normal,94.9,0.0,7.49,9.9,0.0,7.61,7790.0,https://www.screener.in/company/CYIENTDLM/consolidated/,6.32,11.22,66.66,6.32,7.04,5.14,7.76,11.22,12.56,17.44,27.77,0,0,-1.44,-16.55,Stable,Stable/Reducing,313.14,250.52,281.83,219.2,OVERVALUED +nan%,52W Low Buffer: ₹313.14,42.0,C,313,30.0,39.5,45.0,54.400000000000006,227,248,130,222,done,85.5,2026-10-09 02:51
DBREALTY.NS,Valor Estate Limited,Miscellaneous,22.0,2026-10-09 02:40,84.72,-16.02,-24.91,-7.68,83.97,160.18,0.89,Falling,Rising,0.0,0.0,-1.27,1.55,0.0,-45.76,4595.0,https://www.screener.in/company/DBREALTY/consolidated/,2.17,0.04,53.82,2.17,2.14,5.23,3.6,0.04,0.09,0.49,0.43,0,0,-1.43,-0.39,Stable,Stable/Reducing,96.57,77.25,86.91,67.6,WATCH,52W Low Buffer: ₹96.57,41.8,C,315,64.0,24.700000000000003,23.0,55.199999999999996,53,341,316,188,done,94.0,2026-10-09 02:51
BBL.NS,Bharat Bijlee Limited,Engineering,28.0,2026-10-09 02:43,2075.3,-7.32,-22.34,-1.52,2042.0,3275.72,1.63,Falling,Normal,0.0,0.0,0.0,0.0,0.0,0.0,0.0,https://www.screener.in/company/BBL/consolidated/,2.07,5.66,33.86,2.07,2.14,2.32,3.6,5.66,7.82,9.19,12.7,1,0,-1.53,-7.04,Selling (-1.5% over 4Q),Stable/Reducing,2348.3,1878.64,2113.47,1643.81,WATCH,52W Low Buffer: ₹2348.3,41.8,C,315,64.0,31.5,25.0,45.599999999999994,53,288,303,287,done,94.0,2026-10-09 02:51
BDL.NS,Bharat Dynamics Limited,Miscellaneous,22.0,2026-10-09 02:31,1050.5,-15.37,-24.71,-7.57,1050.5,1607.54,0.0,Falling,Normal,0.0,0.0,0.0,0.0,0.0,0.0,0.0,https://www.screener.in/company/BDL/consolidated/,3.09,12.81,74.93,3.09,3.09,2.95,3.06,12.81,13.32,12.39,9.52,0,0,0.03,3.29,Buying (+0.0% over 4Q),Stable/Reducing,1208.07,966.46,1087.27,845.65,WATCH,52W Low Buffer: ₹1208.07,41.6,C,317,50.0,31.5,18.0,64.0,103,288,326,80,done,90.5,2026-10-09 02:51
DALBHARAT.NS,Dalmia Bharat Limited,Cement,25.0,2026-10-09 02:32,,,,,1605.49,2234.34,,Stable,Normal,27.2,0.0,6.11,7.59,0.0,1.72,29877.0,https://www.screener.in/company/DALBHARAT/consolidated/,14.13,9.42,55.85,14.13,12.96,11.37,9.43,9.42,11.03,12.62,13.62,0,0,4.7,-4.2,Buying (+4.7% over 4Q),Stable/Reducing,1846.31,1477.05,1661.68,1292.42,OVERVALUED +nan%,52W Low Buffer: ₹1846.31,41.6,C,317,38.0,39.5,45.0,44.800000000000004,194,248,130,292,done,87.5,2026-10-09 02:51
ASIANHOTNR.NS,Asian Hotels (North) Limited,Hotels,35.0,2026-10-09 02:46,,,,,255.0,405.75,,Stable,Normal,105.0,0.0,0.57,3.52,0.0,7.23,1405.0,https://www.screener.in/company/ASIANHOTNR/consolidated/,0.0,0.13,50.69,0.0,0.0,5.26,5.26,0.13,0.13,0.13,3.74,1,0,-5.26,-3.61,Selling (-5.3% over 4Q),Stable/Reducing,293.25,234.6,263.93,205.27,OVERVALUED +nan%,52W Low Buffer: ₹293.25,41.4,C,319,30.0,35.5,45.0,56.8,227,273,130,178,done,85.5,2026-10-09 02:51
ADANIGREEN.NS,Adani Green Energy Limited,Power,18.0,2026-10-09 02:28,1235.7,-4.06,-18.65,48.43,772.8,1604.5,59.9,Falling,Normal,105.0,0.0,11.4,7.39,0.0,4.88,203542.0,https://www.screener.in/company/ADANIGREEN/consolidated/,18.03,1.5,56.37,18.03,18.15,16.91,15.16,1.5,1.55,1.46,1.45,0,0,2.87,0.05,Buying (+2.9% over 4Q),Stable/Reducing,888.72,710.98,799.85,622.1,OVERVALUED +39.0%,PE Mean Reversion: ₹211.83 | 52W Low Buffer: ₹888.72,41.4,C,319,20.2,43.5,48.5,54.400000000000006,314,233,117,222,done,83.05,2026-10-09 02:51
BOMDYEING.NS,Bombay Dyeing & Mfg Company Limited,Miscellaneous,22.0,2026-10-09 02:44,97.73,-12.9,-22.09,0.06,92.4,174.78,5.77,Falling,Normal,94.2,0.0,0.28,1.27,0.0,2.26,2018.0,https://www.screener.in/company/BOMDYEING/consolidated/,0.98,1.54,53.6,0.98,0.97,1.92,0.73,1.54,1.27,1.42,1.43,0,0,0.25,0.11,Buying (+0.2% over 4Q),Stable/Reducing,106.26,85.01,95.63,74.38,FAIR VALUE,PE Mean Reversion: ₹22.82 | 52W Low Buffer: ₹106.26,41.2,C,321,44.0,35.5,25.0,58.4,166,273,303,161,done,89.0,2026-10-09 02:51
AGL.NS,Allcargo Global Limited,Logistics,22.0,2026-10-09 02:47,12.15,-10.53,-35.61,0.0,12.15,20.9,0.0,Falling,Normal,0.0,0.0,-20.1,-6.09,0.0,-9.37,1194.0,https://www.screener.in/company/AGL/consolidated/,10.02,2.06,63.28,10.02,0.0,0.0,0.0,2.06,0.0,0.0,0.0,0,1,10.02,2.06,Buying (+10.0% over 4Q),Accumulating (+2.1% over 4Q),13.97,11.18,12.58,9.78,WATCH,52W Low Buffer: ₹13.97,41.1,C,322,50.0,26.8,25.0,62.400000000000006,103,338,303,105,done,90.5,2026-10-09 02:51
ASTERDM.NS,Aster DM Quality Care Limited,Healthcare,35.0,2026-10-09 02:30,,,,,535.6,869.7,,Stable,Normal,164.0,0.0,11.3,11.6,0.0,5.02,59025.0,https://www.screener.in/company/ASTERDM/consolidated/,41.0,7.15,41.88,41.0,33.48,27.08,23.86,7.15,13.7,16.35,20.91,0,0,17.14,-13.76,Buying (+17.1% over 4Q),Stable/Reducing,615.94,492.75,554.35,431.16,OVERVALUED +nan%,52W Low Buffer: ₹615.94,40.9,C,323,30.0,48.8,45.0,39.2,227,179,130,324,done,85.5,2026-10-09 02:51
COFFEEDAY.NS,Coffee Day Enterprises Limited,Miscellaneous,22.0,2026-10-09 02:50,,,,,21.12,44.11,,Stable,Rising,0.0,0.0,-1.01,1.27,0.0,-4.54,645.0,https://www.screener.in/company/COFFEEDAY/consolidated/,0.79,0.0,10.53,0.79,1.15,0.98,1.03,0.0,0.0,0.0,0.0,0,0,-0.24,0.0,Stable,No data,24.29,19.43,21.86,17.0,OVERVALUED +nan%,52W Low Buffer: ₹24.29,40.6,C,324,50.0,28.2,50.0,38.4,103,337,64,330,done,90.5,2026-10-09 02:51
5PAISA.NS,5Paisa Capital Limited,Finance,18.0,2026-10-09 02:45,,,,,249.1,405.6,,Stable,Rising,35.9,0.0,7.04,9.94,0.0,3.12,1586.0,https://www.screener.in/company/5PAISA/consolidated/,23.08,0.0,33.27,23.08,22.37,22.66,22.7,0.0,0.2,0.29,0.25,0,0,0.38,-0.25,Buying (+0.4% over 4Q),Stable/Reducing,286.46,229.17,257.82,200.53,OVERVALUED +nan%,52W Low Buffer: ₹286.46,40.4,C,325,30.0,39.5,50.0,44.0,227,248,64,301,done,85.5,2026-10-09 02:51
CROMPTON.NS,Crompton Greaves Consumer Electricals Limited,Power,18.0,2026-10-09 02:36,204.34,-11.55,-22.98,-10.98,202.7,298.36,0.81,Falling,Normal,29.0,0.0,10.6,18.1,0.0,2.92,13158.0,https://www.screener.in/company/CROMPTON/consolidated/,35.66,47.46,0.0,35.66,35.58,32.18,34.37,47.46,47.75,51.47,51.63,0,0,1.29,-4.17,Buying (+1.3% over 4Q),Stable/Reducing,233.1,186.48,209.79,163.17,WATCH,PE Mean Reversion: ₹126.83 | 52W Low Buffer: ₹233.1,40.3,C,326,44.0,55.5,12.7,40.4,166,138,331,321,done,89.0,2026-10-09 02:51
BLUSPRING.NS,Bluspring Enterprises Limited,Miscellaneous,22.0,2026-10-09 02:44,,,,,44.72,149.44,,Stable,Normal,134.0,0.0,-0.53,5.22,0.0,4.49,2030.0,https://www.screener.in/company/BLUSPRING/consolidated/,8.83,8.41,58.24,8.83,5.83,5.49,5.71,8.41,8.95,8.81,8.71,0,0,3.12,-0.3,Buying (+3.1% over 4Q),Stable/Reducing,51.43,41.14,46.29,36.0,OVERVALUED +nan%,52W Low Buffer: ₹51.43,40.3,C,326,30.0,36.800000000000004,45.0,51.2,227,272,130,249,done,85.5,2026-10-09 02:51
CARTRADE.NS,Cartrade Tech Limited,IT,28.0,2026-10-09 02:36,,,,,1623.4,3268.0,,Stable,Normal,57.9,0.0,9.65,11.8,0.0,3.59,13796.0,https://www.screener.in/company/CARTRADE/consolidated/,70.14,4.52,0.0,70.14,71.93,69.71,59.31,4.52,4.38,4.96,12.91,0,0,10.83,-8.39,Buying (+10.8% over 4Q),Stable/Reducing,1866.91,1493.53,1680.22,1306.84,OVERVALUED +nan%,52W Low Buffer: ₹1866.91,40.2,C,328,30.0,48.8,45.0,36.4,227,179,130,336,done,85.5,2026-10-09 02:51
AMBER.NS,Amber Enterprises India Limited,Miscellaneous,22.0,2026-10-09 02:33,6555.0,-11.88,-14.03,-0.71,5510.0,8842.5,18.97,Falling,Normal,112.0,0.0,5.99,10.3,0.0,3.6,23118.0,https://www.screener.in/company/AMBER/consolidated/,29.69,13.07,40.31,29.69,28.29,25.98,28.42,13.07,14.67,15.83,15.73,0,0,1.27,-2.66,Buying (+1.3% over 4Q),Stable/Reducing,6336.5,5069.2,5702.85,4435.55,OVERVALUED +3.4%,PE Mean Reversion: ₹1287.59 | 52W Low Buffer: ₹6336.5,40.0,C,329,38.4,44.800000000000004,31.0,43.2,182,224,291,309,done,87.6,2026-10-09 02:51
BIOCON.NS,Biocon Limited,Miscellaneous,22.0,2026-10-09 02:30,350.0,-10.58,-13.98,-5.32,339.64,440.7,3.05,Falling,Normal,78.4,0.0,1.4,3.61,0.0,2.33,57039.0,https://www.screener.in/company/BIOCON/consolidated/,7.97,14.08,60.64,7.97,6.55,5.63,5.9,14.08,14.51,13.69,14.29,0,0,2.07,-0.21,Buying (+2.1% over 4Q),Stable/Reducing,390.59,312.47,351.53,273.41,WATCH,PE Mean Reversion: ₹98.21 | 52W Low Buffer: ₹390.59,39.2,C,330,44.0,35.5,24.0,51.2,166,273,307,249,done,89.0,2026-10-09 02:51
COHANCE.NS,Cohance Lifesciences Limited,Pharmaceuticals,28.0,2026-10-09 02:34,,,,,279.9,904.75,,Stable,Normal,157.0,0.0,4.89,5.81,0.0,-5.6,16926.0,https://www.screener.in/company/COHANCE/consolidated/,10.01,14.13,60.0,10.01,10.14,9.54,9.8,14.13,15.94,17.24,17.42,0,0,0.21,-3.29,Buying (+0.2% over 4Q),Stable/Reducing,321.88,257.51,289.7,225.32,OVERVALUED +nan%,52W Low Buffer: ₹321.88,39.1,C,331,30.0,34.8,45.0,48.8,227,280,130,269,done,85.5,2026-10-09 02:51
AMAGI.NS,Amagi Media Labs Limited,Media,20.0,2026-10-09 02:37,,,,,316.7,674.7,,Stable,Normal,120.0,0.0,10.3,8.02,0.0,7.04,12224.0,https://www.screener.in/company/AMAGI/consolidated/,42.43,37.01,14.92,42.43,42.23,0.0,0.0,37.01,37.11,0.0,0.0,0,0,42.43,37.01,Buying (+42.4% over 4Q),Stable/Reducing,364.2,291.36,327.78,254.94,OVERVALUED +nan%,52W Low Buffer: ₹364.2,39.0,C,332,30.0,43.5,45.0,37.599999999999994,227,233,130,331,done,85.5,2026-10-09 02:51
DBOL.NS,Dhampur Bio Organics Limited,Miscellaneous,22.0,2026-10-09 02:49,,,,,68.48,140.25,,Stable,Normal,36.5,0.0,2.61,4.98,0.0,-3.46,932.0,https://www.screener.in/company/DBOL/consolidated/,4.83,0.45,50.45,4.83,3.42,1.95,1.26,0.45,0.45,0.45,0.45,0,0,3.57,0.0,Buying (+3.6% over 4Q),Stable/Reducing,78.75,63.0,70.88,55.13,OVERVALUED +nan%,52W Low Buffer: ₹78.75,38.5,C,333,30.0,30.8,45.0,51.2,227,333,130,249,done,85.5,2026-10-09 02:51
DCAL.NS,Dishman Carbogen Amcis Limited,Miscellaneous,22.0,2026-10-09 02:43,146.66,-14.5,-25.79,2.78,129.97,297.6,12.84,Falling,Normal,127.0,0.0,1.58,3.14,0.0,-1.06,2299.0,https://www.screener.in/company/DCAL/consolidated/,8.8,3.51,59.32,8.8,8.6,8.7,8.05,3.51,3.68,2.36,1.47,0,0,0.75,2.04,Buying (+0.8% over 4Q),Stable/Reducing,149.47,119.57,134.52,104.63,FAIR VALUE,PE Mean Reversion: ₹25.41 | 52W Low Buffer: ₹149.47,38.4,C,334,38.4,30.8,25.0,58.4,182,333,303,161,done,87.6,2026-10-09 02:51
BHAGCHEM.NS,Bhagiradha Chemicals & Industries Limited,Chemicals,25.0,2026-10-09 02:42,,,,,171.37,301.08,,Stable,Normal,105.0,0.0,2.63,4.53,0.0,13.25,2890.0,https://www.screener.in/company/BHAGCHEM/consolidated/,0.1,0.0,23.52,0.1,0.17,0.16,0.17,0.0,0.0,0.0,3.14,0,0,-0.07,-3.14,Stable,Stable/Reducing,197.08,157.66,177.37,137.95,OVERVALUED +nan%,52W Low Buffer: ₹197.08,38.3,C,335,30.0,41.3,45.0,37.599999999999994,227,243,130,331,done,85.5,2026-10-09 02:51
AGARWALEYE.NS,Dr. Agarwal's Health Care Limited,Healthcare,35.0,2026-10-09 02:35,,,,,406.55,560.7,,Stable,Normal,101.0,0.0,5.99,10.9,0.0,6.11,14932.0,https://www.screener.in/company/AGARWALEYE/consolidated/,60.62,5.21,32.45,60.62,59.26,58.13,58.06,5.21,6.44,7.92,7.78,0,0,2.56,-2.57,Buying (+2.6% over 4Q),Stable/Reducing,467.53,374.03,420.78,327.27,OVERVALUED +nan%,52W Low Buffer: ₹467.53,38.3,C,335,30.0,44.800000000000004,45.0,33.6,227,224,130,337,done,85.5,2026-10-09 02:51
CAMLINFINE.NS,Camlin Fine Sciences Limited,Chemicals,25.0,2026-10-09 02:45,88.84,-12.63,-34.35,-15.92,88.84,203.51,0.0,Falling,Normal,0.0,0.0,3.75,4.78,0.0,7.08,1707.0,https://www.screener.in/company/CAMLINFINE/consolidated/,1.61,3.89,48.03,1.61,0.99,1.69,1.01,3.89,3.75,4.55,4.88,0,0,0.6,-0.99,Buying (+0.6% over 4Q),Stable/Reducing,102.17,81.73,91.95,71.52,WATCH,52W Low Buffer: ₹102.17,38.1,C,337,50.0,35.5,12.7,49.6,103,273,331,260,done,90.5,2026-10-09 02:51
ABLBL.NS,Aditya Birla Lifestyle Brands Limited,Miscellaneous,22.0,2026-10-09 02:38,71.95,-15.9,-23.93,-21.36,71.95,142.51,0.0,Falling,Rising,41.1,0.0,14.9,15.0,0.0,2.44,8782.0,https://www.screener.in/company/ABLBL/consolidated/,22.59,10.96,46.58,22.59,21.59,16.25,12.78,10.96,11.48,17.05,20.24,0,0,9.81,-9.28,Buying (+9.8% over 4Q),Stable/Reducing,82.74,66.19,74.47,57.92,WATCH,PE Mean Reversion: ₹38.51 | 52W Low Buffer: ₹82.74,38.0,C,338,30.0,60.8,12.5,39.2,227,103,336,324,done,85.5,2026-10-09 02:51
AFCONS.NS,Afcons Infrastructure Limited,Real Estate,30.0,2026-10-09 02:37,242.11,-17.42,-21.42,-13.58,241.5,462.49,0.25,Falling,Rising,43.5,0.0,5.61,13.9,0.0,-5.85,8904.0,https://www.screener.in/company/AFCONS/consolidated/,18.0,11.12,50.17,18.0,18.21,15.8,12.81,11.12,12.07,14.53,17.94,0,0,5.19,-6.82,Buying (+5.2% over 4Q),Stable/Reducing,277.72,222.18,249.95,194.41,WATCH,PE Mean Reversion: ₹166.97 | 52W Low Buffer: ₹277.72,37.8,C,339,44.0,40.199999999999996,17.8,44.800000000000004,166,245,330,292,done,89.0,2026-10-09 02:51
BAJAJELEC.NS,Bajaj Electricals Limited,Power,18.0,2026-10-09 02:42,290.05,-15.21,-11.5,-16.67,290.05,543.11,0.0,Falling,Normal,0.0,0.0,-0.72,2.89,0.0,0.58,3348.0,https://www.screener.in/company/BAJAJELEC/consolidated/,10.49,12.06,62.85,10.49,10.41,10.18,7.93,12.06,12.11,12.61,14.75,0,0,2.56,-2.69,Buying (+2.6% over 4Q),Stable/Reducing,333.56,266.85,300.2,233.49,WATCH,52W Low Buffer: ₹333.56,37.3,C,340,50.0,32.8,18.799999999999997,44.800000000000004,103,284,319,292,done,90.5,2026-10-09 02:51
ASIANTILES.NS,Asian Granito India Limited,Miscellaneous,22.0,2026-10-09 02:46,45.79,-8.14,-5.76,-22.02,43.42,77.88,5.46,Stable,Normal,104.0,0.0,1.27,2.85,0.0,4.31,1358.0,https://www.screener.in/company/ASIANTILES/consolidated/,1.07,0.0,29.02,1.07,0.97,1.36,2.71,0.0,0.0,0.0,0.39,0,0,-1.64,-0.39,Stable,Stable/Reducing,49.93,39.95,44.94,34.95,FAIR VALUE,PE Mean Reversion: ₹9.69 | 52W Low Buffer: ₹49.93,36.6,C,341,44.0,35.5,19.5,44.0,166,273,318,301,done,89.0,2026-10-09 02:51
